id,date,description,category,type,amount
1,2025-01-01,Customer Payment,Sales,Income,75726.0
2,2025-01-01,Inventory Purchase,Office,Expense,24570.0
3,2025-01-01,Travel Expense,Software,Expense,22496.0
4,2025-01-01,Office Supplies,Inventory,Expense,18661.0
5,2025-01-01,Product Sale,Sales,Income,22199.0
6,2025-01-01,Product Sale,Sales,Income,65038.0
7,2025-01-01,Customer Payment,Sales,Income,62786.0
8,2025-01-01,Office Rent,Software,Expense,9388.0
9,2025-01-02,Inventory Purchase,Office,Expense,23630.0
10,2025-01-02,Travel Expense,Inventory,Expense,19290.0
11,2025-01-02,Product Sale,Sales,Income,5534.0
12,2025-01-02,Inventory Purchase,Travel,Expense,33905.0
13,2025-01-02,Travel Expense,Software,Expense,24974.0
14,2025-01-02,Product Sale,Sales,Income,63754.0
15,2025-01-02,Product Sale,Sales,Income,68580.0
16,2025-01-02,Customer Payment,Sales,Income,27469.0
17,2025-01-03,Service Revenue,Sales,Income,69016.0
18,2025-01-03,Travel Expense,Inventory,Expense,31645.0
19,2025-01-03,Service Revenue,Sales,Income,71708.0
20,2025-01-03,Service Revenue,Sales,Income,63232.0
21,2025-01-03,Software Subscription,Marketing,Expense,21117.0
22,2025-01-03,Online Sale,Sales,Income,24324.0
23,2025-01-03,Customer Payment,Sales,Income,13738.0
24,2025-01-03,Online Sale,Sales,Income,29054.0
25,2025-01-04,Employee Salary,Software,Expense,28456.0
26,2025-01-04,Office Supplies,Utilities,Expense,33577.0
27,2025-01-04,Online Sale,Sales,Income,15358.0
28,2025-01-04,Inventory Purchase,Office,Expense,23296.0
29,2025-01-04,Travel Expense,Office,Expense,32246.0
30,2025-01-04,Customer Payment,Sales,Income,50689.0
31,2025-01-04,Marketing Campaign,Software,Expense,515.0
32,2025-01-04,Online Sale,Sales,Income,48965.0
33,2025-01-05,Service Revenue,Sales,Income,5882.0
34,2025-01-05,Software Subscription,Inventory,Expense,21792.0
35,2025-01-05,Office Rent,Utilities,Expense,32376.0
36,2025-01-05,Marketing Campaign,Inventory,Expense,15317.0
37,2025-01-05,Customer Payment,Sales,Income,33885.0
38,2025-01-05,Product Sale,Sales,Income,45056.0
39,2025-01-05,Marketing Campaign,Salaries,Expense,6912.0
40,2025-01-05,Online Sale,Sales,Income,65241.0
41,2025-01-06,Service Revenue,Sales,Income,7244.0
42,2025-01-06,Travel Expense,Marketing,Expense,21550.0
43,2025-01-06,Customer Payment,Sales,Income,26584.0
44,2025-01-06,Office Supplies,Office,Expense,8335.0
45,2025-01-06,Customer Payment,Sales,Income,55017.0
46,2025-01-06,Employee Salary,Inventory,Expense,14087.0
47,2025-01-06,Service Revenue,Sales,Income,34063.0
48,2025-01-06,Electricity Bill,Utilities,Expense,31940.0
49,2025-01-07,Marketing Campaign,Marketing,Expense,31136.0
50,2025-01-07,Service Revenue,Sales,Income,44563.0
51,2025-01-07,Software Subscription,Software,Expense,1263.0
52,2025-01-07,Software Subscription,Marketing,Expense,24425.0
53,2025-01-07,Travel Expense,Office,Expense,27049.0
54,2025-01-07,Software Subscription,Office,Expense,23957.0
55,2025-01-07,Office Supplies,Marketing,Expense,21923.0
56,2025-01-07,Electricity Bill,Office,Expense,11018.0
57,2025-01-08,Online Sale,Sales,Income,34140.0
58,2025-01-08,Customer Payment,Sales,Income,14327.0
59,2025-01-08,Customer Payment,Sales,Income,75663.0
60,2025-01-08,Customer Payment,Sales,Income,28331.0
61,2025-01-08,Service Revenue,Sales,Income,28004.0
62,2025-01-08,Online Sale,Sales,Income,15492.0
63,2025-01-08,Marketing Campaign,Salaries,Expense,7933.0
64,2025-01-09,Product Sale,Sales,Income,63095.0
65,2025-01-09,Customer Payment,Sales,Income,18749.0
66,2025-01-09,Office Rent,Office,Expense,11028.0
67,2025-01-09,Customer Payment,Sales,Income,14045.0
68,2025-01-09,Travel Expense,Utilities,Expense,997.0
69,2025-01-09,Product Sale,Sales,Income,23667.0
70,2025-01-09,Marketing Campaign,Utilities,Expense,5143.0
71,2025-01-09,Office Supplies,Marketing,Expense,5556.0
72,2025-01-10,Service Revenue,Sales,Income,16283.0
73,2025-01-10,Online Sale,Sales,Income,35935.0
74,2025-01-10,Travel Expense,Marketing,Expense,17741.0
75,2025-01-10,Software Subscription,Inventory,Expense,9212.0
76,2025-01-10,Employee Salary,Utilities,Expense,8721.0
77,2025-01-10,Employee Salary,Utilities,Expense,31846.0
78,2025-01-10,Online Sale,Sales,Income,6269.0
79,2025-01-10,Service Revenue,Sales,Income,12868.0
80,2025-01-11,Product Sale,Sales,Income,35251.0
81,2025-01-11,Employee Salary,Marketing,Expense,2107.0
82,2025-01-11,Software Subscription,Marketing,Expense,2516.0
83,2025-01-11,Customer Payment,Sales,Income,47429.0
84,2025-01-11,Customer Payment,Sales,Income,46337.0
85,2025-01-11,Service Revenue,Sales,Income,45325.0
86,2025-01-11,Service Revenue,Sales,Income,67514.0
87,2025-01-11,Travel Expense,Office,Expense,12326.0
88,2025-01-12,Software Subscription,Salaries,Expense,17972.0
89,2025-01-12,Electricity Bill,Travel,Expense,34629.0
90,2025-01-12,Employee Salary,Software,Expense,4973.0
91,2025-01-12,Product Sale,Sales,Income,26751.0
92,2025-01-12,Electricity Bill,Travel,Expense,9981.0
93,2025-01-12,Employee Salary,Office,Expense,9020.0
94,2025-01-12,Office Supplies,Inventory,Expense,26915.0
95,2025-01-12,Software Subscription,Salaries,Expense,18070.0
96,2025-01-13,Inventory Purchase,Inventory,Expense,20298.0
97,2025-01-13,Inventory Purchase,Marketing,Expense,4036.0
98,2025-01-13,Customer Payment,Sales,Income,51097.0
99,2025-01-13,Customer Payment,Sales,Income,29503.0
100,2025-01-13,Online Sale,Sales,Income,7779.0
101,2025-01-13,Service Revenue,Sales,Income,5755.0
102,2025-01-13,Office Rent,Office,Expense,22304.0
103,2025-01-13,Online Sale,Sales,Income,60087.0
104,2025-01-14,Software Subscription,Software,Expense,26094.0
105,2025-01-14,Travel Expense,Marketing,Expense,9498.0
106,2025-01-14,Product Sale,Sales,Income,59857.0
107,2025-01-14,Service Revenue,Sales,Income,22400.0
108,2025-01-14,Travel Expense,Office,Expense,7640.0
109,2025-01-14,Service Revenue,Sales,Income,19249.0
110,2025-01-14,Product Sale,Sales,Income,51825.0
111,2025-01-14,Customer Payment,Sales,Income,29600.0
112,2025-01-15,Service Revenue,Sales,Income,42706.0
113,2025-01-15,Software Subscription,Utilities,Expense,3780.0
114,2025-01-15,Travel Expense,Travel,Expense,30489.0
115,2025-01-15,Office Supplies,Travel,Expense,8578.0
116,2025-01-15,Travel Expense,Travel,Expense,26618.0
117,2025-01-15,Employee Salary,Marketing,Expense,24485.0
118,2025-01-15,Service Revenue,Sales,Income,18543.0
119,2025-01-16,Electricity Bill,Marketing,Expense,14774.0
120,2025-01-16,Electricity Bill,Travel,Expense,1368.0
121,2025-01-16,Employee Salary,Software,Expense,26898.0
122,2025-01-16,Employee Salary,Office,Expense,16542.0
123,2025-01-16,Service Revenue,Sales,Income,62939.0
124,2025-01-16,Service Revenue,Sales,Income,58026.0
125,2025-01-16,Customer Payment,Sales,Income,34553.0
126,2025-01-16,Online Sale,Sales,Income,28548.0
127,2025-01-17,Software Subscription,Salaries,Expense,24496.0
128,2025-01-17,Electricity Bill,Inventory,Expense,29118.0
129,2025-01-17,Customer Payment,Sales,Income,45701.0
130,2025-01-17,Office Supplies,Office,Expense,24080.0
131,2025-01-17,Online Sale,Sales,Income,11727.0
132,2025-01-17,Online Sale,Sales,Income,55717.0
133,2025-01-17,Product Sale,Sales,Income,37427.0
134,2025-01-17,Online Sale,Sales,Income,21692.0
135,2025-01-18,Office Rent,Utilities,Expense,28506.0
136,2025-01-18,Online Sale,Sales,Income,29918.0
137,2025-01-18,Electricity Bill,Marketing,Expense,14825.0
138,2025-01-18,Office Rent,Inventory,Expense,2253.0
139,2025-01-18,Online Sale,Sales,Income,20577.0
140,2025-01-18,Employee Salary,Inventory,Expense,18496.0
141,2025-01-18,Electricity Bill,Utilities,Expense,3775.0
142,2025-01-18,Online Sale,Sales,Income,26341.0
143,2025-01-19,Office Rent,Salaries,Expense,1324.0
144,2025-01-19,Online Sale,Sales,Income,51330.0
145,2025-01-19,Customer Payment,Sales,Income,73416.0
146,2025-01-19,Customer Payment,Sales,Income,38313.0
147,2025-01-19,Electricity Bill,Software,Expense,22183.0
148,2025-01-19,Office Rent,Salaries,Expense,17376.0
149,2025-01-19,Service Revenue,Sales,Income,35225.0
150,2025-01-19,Product Sale,Sales,Income,54156.0
151,2025-01-20,Employee Salary,Utilities,Expense,21566.0
152,2025-01-20,Product Sale,Sales,Income,30938.0
153,2025-01-20,Online Sale,Sales,Income,64164.0
154,2025-01-20,Electricity Bill,Office,Expense,9468.0
155,2025-01-20,Office Supplies,Software,Expense,27098.0
156,2025-01-20,Customer Payment,Sales,Income,65282.0
157,2025-01-20,Office Supplies,Software,Expense,5174.0
158,2025-01-20,Marketing Campaign,Inventory,Expense,4816.0
159,2025-01-21,Customer Payment,Sales,Income,8326.0
160,2025-01-21,Inventory Purchase,Inventory,Expense,31594.0
161,2025-01-21,Service Revenue,Sales,Income,65289.0
162,2025-01-21,Office Rent,Salaries,Expense,1714.0
163,2025-01-21,Electricity Bill,Marketing,Expense,24440.0
164,2025-01-21,Office Supplies,Inventory,Expense,26185.0
165,2025-01-21,Product Sale,Sales,Income,52588.0
166,2025-01-21,Travel Expense,Office,Expense,26038.0
167,2025-01-22,Product Sale,Sales,Income,16211.0
168,2025-01-22,Customer Payment,Sales,Income,18569.0
169,2025-01-22,Online Sale,Sales,Income,42860.0
170,2025-01-22,Inventory Purchase,Office,Expense,7069.0
171,2025-01-22,Marketing Campaign,Marketing,Expense,12381.0
172,2025-01-22,Online Sale,Sales,Income,57311.0
173,2025-01-22,Office Rent,Travel,Expense,1090.0
174,2025-01-23,Service Revenue,Sales,Income,76695.0
175,2025-01-23,Travel Expense,Utilities,Expense,28415.0
176,2025-01-23,Online Sale,Sales,Income,64935.0
177,2025-01-23,Marketing Campaign,Inventory,Expense,22606.0
178,2025-01-23,Online Sale,Sales,Income,73580.0
179,2025-01-23,Marketing Campaign,Inventory,Expense,7053.0
180,2025-01-23,Product Sale,Sales,Income,7892.0
181,2025-01-23,Customer Payment,Sales,Income,26672.0
182,2025-01-24,Product Sale,Sales,Income,10812.0
183,2025-01-24,Inventory Purchase,Salaries,Expense,4270.0
184,2025-01-24,Electricity Bill,Office,Expense,20226.0
185,2025-01-24,Service Revenue,Sales,Income,22143.0
186,2025-01-24,Employee Salary,Marketing,Expense,34814.0
187,2025-01-24,Employee Salary,Travel,Expense,16850.0
188,2025-01-24,Employee Salary,Salaries,Expense,34563.0
189,2025-01-24,Office Rent,Marketing,Expense,16361.0
190,2025-01-25,Customer Payment,Sales,Income,13446.0
191,2025-01-25,Service Revenue,Sales,Income,53867.0
192,2025-01-25,Travel Expense,Office,Expense,17826.0
193,2025-01-25,Software Subscription,Software,Expense,3286.0
194,2025-01-25,Inventory Purchase,Inventory,Expense,2120.0
195,2025-01-25,Product Sale,Sales,Income,66465.0
196,2025-01-25,Customer Payment,Sales,Income,44148.0
197,2025-01-25,Travel Expense,Travel,Expense,25024.0
198,2025-01-26,Inventory Purchase,Inventory,Expense,10245.0
199,2025-01-26,Travel Expense,Utilities,Expense,16361.0
200,2025-01-26,Electricity Bill,Marketing,Expense,26671.0
201,2025-01-26,Employee Salary,Marketing,Expense,26699.0
202,2025-01-26,Service Revenue,Sales,Income,61463.0
203,2025-01-26,Online Sale,Sales,Income,38757.0
204,2025-01-26,Software Subscription,Software,Expense,16411.0
205,2025-01-26,Travel Expense,Office,Expense,21053.0
206,2025-01-27,Online Sale,Sales,Income,36390.0
207,2025-01-27,Service Revenue,Sales,Income,61116.0
208,2025-01-27,Marketing Campaign,Salaries,Expense,30041.0
209,2025-01-27,Service Revenue,Sales,Income,37152.0
210,2025-01-27,Product Sale,Sales,Income,25836.0
211,2025-01-27,Employee Salary,Marketing,Expense,12049.0
212,2025-01-27,Inventory Purchase,Travel,Expense,27953.0
213,2025-01-27,Travel Expense,Salaries,Expense,13406.0
214,2025-01-28,Service Revenue,Sales,Income,15763.0
215,2025-01-28,Employee Salary,Salaries,Expense,28223.0
216,2025-01-28,Customer Payment,Sales,Income,24187.0
217,2025-01-28,Product Sale,Sales,Income,16957.0
218,2025-01-28,Software Subscription,Salaries,Expense,33035.0
219,2025-01-28,Software Subscription,Office,Expense,3440.0
220,2025-01-28,Employee Salary,Marketing,Expense,22293.0
221,2025-01-28,Inventory Purchase,Office,Expense,12762.0
222,2025-01-29,Travel Expense,Salaries,Expense,7461.0
223,2025-01-29,Online Sale,Sales,Income,56567.0
224,2025-01-29,Online Sale,Sales,Income,62913.0
225,2025-01-29,Product Sale,Sales,Income,7637.0
226,2025-01-29,Online Sale,Sales,Income,77778.0
227,2025-01-29,Electricity Bill,Salaries,Expense,26468.0
228,2025-01-29,Service Revenue,Sales,Income,33742.0
229,2025-01-30,Office Rent,Office,Expense,6238.0
230,2025-01-30,Travel Expense,Travel,Expense,3598.0
231,2025-01-30,Software Subscription,Salaries,Expense,30388.0
232,2025-01-30,Inventory Purchase,Office,Expense,8597.0
233,2025-01-30,Software Subscription,Salaries,Expense,13636.0
234,2025-01-30,Travel Expense,Utilities,Expense,8753.0
235,2025-01-30,Online Sale,Sales,Income,42045.0
236,2025-01-30,Employee Salary,Office,Expense,5387.0
237,2025-01-31,Service Revenue,Sales,Income,31627.0
238,2025-01-31,Customer Payment,Sales,Income,20198.0
239,2025-01-31,Electricity Bill,Marketing,Expense,18022.0
240,2025-01-31,Online Sale,Sales,Income,34475.0
241,2025-01-31,Software Subscription,Travel,Expense,16275.0
242,2025-01-31,Inventory Purchase,Inventory,Expense,10902.0
243,2025-01-31,Inventory Purchase,Marketing,Expense,13574.0
244,2025-01-31,Customer Payment,Sales,Income,10629.0
245,2025-02-01,Customer Payment,Sales,Income,13417.0
246,2025-02-01,Marketing Campaign,Travel,Expense,27502.0
247,2025-02-01,Product Sale,Sales,Income,79499.0
248,2025-02-01,Office Supplies,Salaries,Expense,12960.0
249,2025-02-01,Marketing Campaign,Inventory,Expense,30982.0
250,2025-02-01,Software Subscription,Utilities,Expense,16947.0
251,2025-02-01,Online Sale,Sales,Income,45563.0
252,2025-02-01,Service Revenue,Sales,Income,16332.0
253,2025-02-02,Electricity Bill,Inventory,Expense,28704.0
254,2025-02-02,Product Sale,Sales,Income,73447.0
255,2025-02-02,Customer Payment,Sales,Income,62104.0
256,2025-02-02,Employee Salary,Utilities,Expense,2240.0
257,2025-02-02,Electricity Bill,Inventory,Expense,30621.0
258,2025-02-02,Software Subscription,Office,Expense,11718.0
259,2025-02-02,Employee Salary,Marketing,Expense,6555.0
260,2025-02-02,Online Sale,Sales,Income,76101.0
261,2025-02-03,Marketing Campaign,Marketing,Expense,6939.0
262,2025-02-03,Marketing Campaign,Travel,Expense,31421.0
263,2025-02-03,Service Revenue,Sales,Income,79160.0
264,2025-02-03,Office Supplies,Utilities,Expense,23711.0
265,2025-02-03,Office Rent,Software,Expense,31114.0
266,2025-02-03,Office Supplies,Inventory,Expense,18101.0
267,2025-02-03,Office Supplies,Inventory,Expense,28296.0
268,2025-02-03,Electricity Bill,Salaries,Expense,6507.0
269,2025-02-04,Customer Payment,Sales,Income,46950.0
270,2025-02-04,Product Sale,Sales,Income,65654.0
271,2025-02-04,Inventory Purchase,Salaries,Expense,2576.0
272,2025-02-04,Employee Salary,Salaries,Expense,25850.0
273,2025-02-04,Employee Salary,Inventory,Expense,16792.0
274,2025-02-04,Employee Salary,Software,Expense,32010.0
275,2025-02-04,Office Supplies,Office,Expense,28500.0
276,2025-02-04,Office Rent,Utilities,Expense,30883.0
277,2025-02-05,Travel Expense,Marketing,Expense,12285.0
278,2025-02-05,Software Subscription,Software,Expense,25355.0
279,2025-02-05,Inventory Purchase,Marketing,Expense,24781.0
280,2025-02-05,Office Rent,Office,Expense,5341.0
281,2025-02-05,Inventory Purchase,Marketing,Expense,32168.0
282,2025-02-05,Service Revenue,Sales,Income,8491.0
283,2025-02-05,Online Sale,Sales,Income,5706.0
284,2025-02-06,Online Sale,Sales,Income,20728.0
285,2025-02-06,Office Supplies,Salaries,Expense,2422.0
286,2025-02-06,Service Revenue,Sales,Income,65408.0
287,2025-02-06,Office Rent,Office,Expense,12491.0
288,2025-02-06,Marketing Campaign,Marketing,Expense,23233.0
289,2025-02-06,Online Sale,Sales,Income,30163.0
290,2025-02-06,Office Rent,Inventory,Expense,8608.0
291,2025-02-06,Product Sale,Sales,Income,44619.0
292,2025-02-07,Product Sale,Sales,Income,17126.0
293,2025-02-07,Electricity Bill,Utilities,Expense,33862.0
294,2025-02-07,Customer Payment,Sales,Income,45633.0
295,2025-02-07,Online Sale,Sales,Income,8317.0
296,2025-02-07,Inventory Purchase,Travel,Expense,8712.0
297,2025-02-07,Software Subscription,Office,Expense,32471.0
298,2025-02-07,Online Sale,Sales,Income,66646.0
299,2025-02-07,Marketing Campaign,Office,Expense,24846.0
300,2025-02-08,Online Sale,Sales,Income,60963.0
301,2025-02-08,Online Sale,Sales,Income,52631.0
302,2025-02-08,Travel Expense,Inventory,Expense,17220.0
303,2025-02-08,Inventory Purchase,Inventory,Expense,2167.0
304,2025-02-08,Electricity Bill,Inventory,Expense,28652.0
305,2025-02-08,Travel Expense,Office,Expense,8704.0
306,2025-02-08,Office Supplies,Salaries,Expense,25037.0
307,2025-02-08,Office Rent,Utilities,Expense,11717.0
308,2025-02-09,Product Sale,Sales,Income,70938.0
309,2025-02-09,Office Rent,Salaries,Expense,21154.0
310,2025-02-09,Service Revenue,Sales,Income,62388.0
311,2025-02-09,Service Revenue,Sales,Income,60501.0
312,2025-02-09,Product Sale,Sales,Income,58309.0
313,2025-02-09,Online Sale,Sales,Income,32043.0
314,2025-02-09,Travel Expense,Salaries,Expense,4598.0
315,2025-02-09,Travel Expense,Office,Expense,8119.0
316,2025-02-10,Office Supplies,Utilities,Expense,12439.0
317,2025-02-10,Service Revenue,Sales,Income,77107.0
318,2025-02-10,Online Sale,Sales,Income,67580.0
319,2025-02-10,Product Sale,Sales,Income,62889.0
320,2025-02-10,Product Sale,Sales,Income,44236.0
321,2025-02-10,Office Supplies,Salaries,Expense,29799.0
322,2025-02-10,Electricity Bill,Travel,Expense,8043.0
323,2025-02-10,Office Rent,Inventory,Expense,24446.0
324,2025-02-11,Online Sale,Sales,Income,34992.0
325,2025-02-11,Office Rent,Marketing,Expense,7753.0
326,2025-02-11,Office Rent,Software,Expense,14275.0
327,2025-02-11,Travel Expense,Utilities,Expense,33313.0
328,2025-02-11,Employee Salary,Inventory,Expense,28132.0
329,2025-02-11,Service Revenue,Sales,Income,24122.0
330,2025-02-11,Customer Payment,Sales,Income,28956.0
331,2025-02-11,Online Sale,Sales,Income,68879.0
332,2025-02-12,Marketing Campaign,Marketing,Expense,30725.0
333,2025-02-12,Service Revenue,Sales,Income,73685.0
334,2025-02-12,Service Revenue,Sales,Income,29660.0
335,2025-02-12,Customer Payment,Sales,Income,6168.0
336,2025-02-12,Product Sale,Sales,Income,50124.0
337,2025-02-12,Marketing Campaign,Software,Expense,5504.0
338,2025-02-12,Software Subscription,Travel,Expense,23205.0
339,2025-02-13,Software Subscription,Utilities,Expense,22009.0
340,2025-02-13,Customer Payment,Sales,Income,40294.0
341,2025-02-13,Employee Salary,Inventory,Expense,894.0
342,2025-02-13,Travel Expense,Travel,Expense,11024.0
343,2025-02-13,Product Sale,Sales,Income,24751.0
344,2025-02-13,Customer Payment,Sales,Income,35373.0
345,2025-02-13,Product Sale,Sales,Income,35270.0
346,2025-02-13,Inventory Purchase,Travel,Expense,2145.0
347,2025-02-14,Electricity Bill,Inventory,Expense,29549.0
348,2025-02-14,Online Sale,Sales,Income,70184.0
349,2025-02-14,Service Revenue,Sales,Income,42879.0
350,2025-02-14,Marketing Campaign,Software,Expense,34829.0
351,2025-02-14,Inventory Purchase,Inventory,Expense,34041.0
352,2025-02-14,Office Rent,Office,Expense,7811.0
353,2025-02-14,Employee Salary,Inventory,Expense,22063.0
354,2025-02-14,Service Revenue,Sales,Income,21645.0
355,2025-02-15,Service Revenue,Sales,Income,59144.0
356,2025-02-15,Travel Expense,Inventory,Expense,17631.0
357,2025-02-15,Product Sale,Sales,Income,9025.0
358,2025-02-15,Travel Expense,Marketing,Expense,25009.0
359,2025-02-15,Inventory Purchase,Utilities,Expense,22744.0
360,2025-02-15,Office Supplies,Travel,Expense,27398.0
361,2025-02-15,Customer Payment,Sales,Income,8443.0
362,2025-02-15,Office Supplies,Inventory,Expense,20638.0
363,2025-02-16,Employee Salary,Salaries,Expense,6006.0
364,2025-02-16,Marketing Campaign,Office,Expense,21105.0
365,2025-02-16,Marketing Campaign,Utilities,Expense,13554.0
366,2025-02-16,Service Revenue,Sales,Income,76260.0
367,2025-02-16,Marketing Campaign,Utilities,Expense,14361.0
368,2025-02-16,Software Subscription,Inventory,Expense,12087.0
369,2025-02-16,Customer Payment,Sales,Income,78568.0
370,2025-02-16,Customer Payment,Sales,Income,63560.0
371,2025-02-17,Online Sale,Sales,Income,52340.0
372,2025-02-17,Service Revenue,Sales,Income,22794.0
373,2025-02-17,Online Sale,Sales,Income,24881.0
374,2025-02-17,Travel Expense,Inventory,Expense,4274.0
375,2025-02-17,Customer Payment,Sales,Income,49354.0
376,2025-02-17,Online Sale,Sales,Income,19390.0
377,2025-02-17,Office Supplies,Salaries,Expense,4929.0
378,2025-02-17,Customer Payment,Sales,Income,29502.0
379,2025-02-18,Employee Salary,Office,Expense,4978.0
380,2025-02-18,Product Sale,Sales,Income,43258.0
381,2025-02-18,Service Revenue,Sales,Income,62716.0
382,2025-02-18,Marketing Campaign,Marketing,Expense,5861.0
383,2025-02-18,Employee Salary,Software,Expense,25975.0
384,2025-02-18,Employee Salary,Utilities,Expense,1141.0
385,2025-02-18,Office Rent,Inventory,Expense,22230.0
386,2025-02-18,Office Rent,Salaries,Expense,21613.0
387,2025-02-19,Customer Payment,Sales,Income,46662.0
388,2025-02-19,Customer Payment,Sales,Income,20123.0
389,2025-02-19,Electricity Bill,Marketing,Expense,21809.0
390,2025-02-19,Inventory Purchase,Travel,Expense,19188.0
391,2025-02-19,Employee Salary,Office,Expense,28676.0
392,2025-02-19,Customer Payment,Sales,Income,36331.0
393,2025-02-19,Online Sale,Sales,Income,51098.0
394,2025-02-19,Inventory Purchase,Salaries,Expense,19692.0
395,2025-02-20,Customer Payment,Sales,Income,36556.0
396,2025-02-20,Inventory Purchase,Software,Expense,9916.0
397,2025-02-20,Software Subscription,Travel,Expense,1386.0
398,2025-02-20,Customer Payment,Sales,Income,56962.0
399,2025-02-20,Office Supplies,Salaries,Expense,28266.0
400,2025-02-20,Inventory Purchase,Software,Expense,19330.0
401,2025-02-20,Service Revenue,Sales,Income,17716.0
402,2025-02-21,Electricity Bill,Travel,Expense,12030.0
403,2025-02-21,Electricity Bill,Software,Expense,4091.0
404,2025-02-21,Employee Salary,Salaries,Expense,28842.0
405,2025-02-21,Online Sale,Sales,Income,70220.0
406,2025-02-21,Software Subscription,Marketing,Expense,17238.0
407,2025-02-21,Product Sale,Sales,Income,54355.0
408,2025-02-21,Service Revenue,Sales,Income,52299.0
409,2025-02-21,Employee Salary,Office,Expense,19556.0
410,2025-02-22,Online Sale,Sales,Income,56012.0
411,2025-02-22,Customer Payment,Sales,Income,64305.0
412,2025-02-22,Software Subscription,Inventory,Expense,7963.0
413,2025-02-22,Electricity Bill,Inventory,Expense,2280.0
414,2025-02-22,Inventory Purchase,Office,Expense,26607.0
415,2025-02-22,Office Rent,Salaries,Expense,32087.0
416,2025-02-22,Product Sale,Sales,Income,26120.0
417,2025-02-22,Service Revenue,Sales,Income,24790.0
418,2025-02-23,Product Sale,Sales,Income,63655.0
419,2025-02-23,Travel Expense,Salaries,Expense,2895.0
420,2025-02-23,Marketing Campaign,Salaries,Expense,32348.0
421,2025-02-23,Marketing Campaign,Inventory,Expense,16279.0
422,2025-02-23,Marketing Campaign,Inventory,Expense,5992.0
423,2025-02-23,Product Sale,Sales,Income,39812.0
424,2025-02-23,Employee Salary,Software,Expense,7611.0
425,2025-02-23,Customer Payment,Sales,Income,55901.0
426,2025-02-24,Marketing Campaign,Software,Expense,32516.0
427,2025-02-24,Customer Payment,Sales,Income,55251.0
428,2025-02-24,Marketing Campaign,Inventory,Expense,7292.0
429,2025-02-24,Product Sale,Sales,Income,41160.0
430,2025-02-24,Customer Payment,Sales,Income,24156.0
431,2025-02-24,Product Sale,Sales,Income,77320.0
432,2025-02-24,Travel Expense,Office,Expense,20512.0
433,2025-02-24,Electricity Bill,Office,Expense,34833.0
434,2025-02-25,Service Revenue,Sales,Income,67559.0
435,2025-02-25,Customer Payment,Sales,Income,59205.0
436,2025-02-25,Employee Salary,Utilities,Expense,24812.0
437,2025-02-25,Product Sale,Sales,Income,69341.0
438,2025-02-25,Electricity Bill,Salaries,Expense,8754.0
439,2025-02-25,Inventory Purchase,Office,Expense,32919.0
440,2025-02-25,Customer Payment,Sales,Income,12194.0
441,2025-02-25,Service Revenue,Sales,Income,76387.0
442,2025-02-26,Office Supplies,Inventory,Expense,11964.0
443,2025-02-26,Online Sale,Sales,Income,34777.0
444,2025-02-26,Customer Payment,Sales,Income,31183.0
445,2025-02-26,Marketing Campaign,Office,Expense,28940.0
446,2025-02-26,Inventory Purchase,Software,Expense,3773.0
447,2025-02-26,Office Supplies,Software,Expense,15830.0
448,2025-02-26,Employee Salary,Software,Expense,21994.0
449,2025-02-26,Customer Payment,Sales,Income,55577.0
450,2025-02-27,Product Sale,Sales,Income,20867.0
451,2025-02-27,Electricity Bill,Software,Expense,18405.0
452,2025-02-27,Travel Expense,Software,Expense,22558.0
453,2025-02-27,Online Sale,Sales,Income,44422.0
454,2025-02-27,Inventory Purchase,Utilities,Expense,33175.0
455,2025-02-27,Product Sale,Sales,Income,36213.0
456,2025-02-27,Travel Expense,Office,Expense,17605.0
457,2025-02-28,Online Sale,Sales,Income,40362.0
458,2025-02-28,Electricity Bill,Software,Expense,18446.0
459,2025-02-28,Service Revenue,Sales,Income,43285.0
460,2025-02-28,Service Revenue,Sales,Income,79755.0
461,2025-02-28,Product Sale,Sales,Income,76846.0
462,2025-02-28,Software Subscription,Inventory,Expense,4236.0
463,2025-02-28,Marketing Campaign,Marketing,Expense,16973.0
464,2025-02-28,Employee Salary,Software,Expense,34519.0
465,2025-03-01,Marketing Campaign,Travel,Expense,21587.0
466,2025-03-01,Customer Payment,Sales,Income,32926.0
467,2025-03-01,Product Sale,Sales,Income,18180.0
468,2025-03-01,Travel Expense,Utilities,Expense,771.0
469,2025-03-01,Online Sale,Sales,Income,29014.0
470,2025-03-01,Inventory Purchase,Marketing,Expense,24720.0
471,2025-03-01,Online Sale,Sales,Income,10470.0
472,2025-03-01,Travel Expense,Travel,Expense,11779.0
473,2025-03-02,Product Sale,Sales,Income,43507.0
474,2025-03-02,Employee Salary,Utilities,Expense,11357.0
475,2025-03-02,Inventory Purchase,Salaries,Expense,8552.0
476,2025-03-02,Electricity Bill,Salaries,Expense,17495.0
477,2025-03-02,Online Sale,Sales,Income,36169.0
478,2025-03-02,Marketing Campaign,Office,Expense,18740.0
479,2025-03-02,Employee Salary,Utilities,Expense,18410.0
480,2025-03-02,Marketing Campaign,Software,Expense,10716.0
481,2025-03-03,Office Supplies,Inventory,Expense,25411.0
482,2025-03-03,Electricity Bill,Travel,Expense,15938.0
483,2025-03-03,Travel Expense,Software,Expense,8365.0
484,2025-03-03,Employee Salary,Software,Expense,17057.0
485,2025-03-03,Office Supplies,Utilities,Expense,12711.0
486,2025-03-03,Employee Salary,Inventory,Expense,33768.0
487,2025-03-03,Service Revenue,Sales,Income,7042.0
488,2025-03-03,Online Sale,Sales,Income,75134.0
489,2025-03-04,Software Subscription,Office,Expense,10410.0
490,2025-03-04,Travel Expense,Office,Expense,2278.0
491,2025-03-04,Inventory Purchase,Salaries,Expense,19941.0
492,2025-03-04,Inventory Purchase,Inventory,Expense,5690.0
493,2025-03-04,Customer Payment,Sales,Income,33716.0
494,2025-03-04,Product Sale,Sales,Income,41018.0
495,2025-03-04,Electricity Bill,Marketing,Expense,5247.0
496,2025-03-04,Product Sale,Sales,Income,13609.0
497,2025-03-05,Marketing Campaign,Office,Expense,545.0
498,2025-03-05,Service Revenue,Sales,Income,25805.0
499,2025-03-05,Software Subscription,Utilities,Expense,8258.0
500,2025-03-05,Travel Expense,Inventory,Expense,23937.0
501,2025-03-05,Office Rent,Utilities,Expense,20085.0
502,2025-03-05,Travel Expense,Inventory,Expense,33723.0
503,2025-03-05,Product Sale,Sales,Income,16826.0
504,2025-03-05,Employee Salary,Utilities,Expense,17849.0
505,2025-03-06,Software Subscription,Software,Expense,31192.0
506,2025-03-06,Online Sale,Sales,Income,10495.0
507,2025-03-06,Inventory Purchase,Software,Expense,34796.0
508,2025-03-06,Employee Salary,Software,Expense,19955.0
509,2025-03-06,Travel Expense,Travel,Expense,13788.0
510,2025-03-06,Office Rent,Travel,Expense,6887.0
511,2025-03-06,Employee Salary,Salaries,Expense,34394.0
512,2025-03-07,Customer Payment,Sales,Income,62042.0
513,2025-03-07,Marketing Campaign,Utilities,Expense,30715.0
514,2025-03-07,Marketing Campaign,Travel,Expense,16602.0
515,2025-03-07,Service Revenue,Sales,Income,70242.0
516,2025-03-07,Online Sale,Sales,Income,50772.0
517,2025-03-07,Service Revenue,Sales,Income,48730.0
518,2025-03-07,Electricity Bill,Software,Expense,27653.0
519,2025-03-07,Inventory Purchase,Utilities,Expense,30105.0
520,2025-03-08,Product Sale,Sales,Income,74123.0
521,2025-03-08,Marketing Campaign,Inventory,Expense,5900.0
522,2025-03-08,Customer Payment,Sales,Income,71490.0
523,2025-03-08,Office Supplies,Software,Expense,30996.0
524,2025-03-08,Electricity Bill,Office,Expense,21137.0
525,2025-03-08,Inventory Purchase,Utilities,Expense,6677.0
526,2025-03-08,Inventory Purchase,Marketing,Expense,7769.0
527,2025-03-08,Online Sale,Sales,Income,8127.0
528,2025-03-09,Product Sale,Sales,Income,28147.0
529,2025-03-09,Online Sale,Sales,Income,50528.0
530,2025-03-09,Software Subscription,Office,Expense,16667.0
531,2025-03-09,Office Rent,Office,Expense,23718.0
532,2025-03-09,Travel Expense,Office,Expense,25667.0
533,2025-03-09,Office Supplies,Software,Expense,7117.0
534,2025-03-09,Travel Expense,Software,Expense,22034.0
535,2025-03-09,Office Supplies,Marketing,Expense,25959.0
536,2025-03-10,Office Supplies,Travel,Expense,21042.0
537,2025-03-10,Employee Salary,Utilities,Expense,803.0
538,2025-03-10,Online Sale,Sales,Income,37332.0
539,2025-03-10,Software Subscription,Office,Expense,13183.0
540,2025-03-10,Product Sale,Sales,Income,46025.0
541,2025-03-10,Electricity Bill,Office,Expense,11525.0
542,2025-03-10,Travel Expense,Salaries,Expense,21390.0
543,2025-03-10,Customer Payment,Sales,Income,7581.0
544,2025-03-11,Electricity Bill,Inventory,Expense,5061.0
545,2025-03-11,Inventory Purchase,Software,Expense,33347.0
546,2025-03-11,Product Sale,Sales,Income,34113.0
547,2025-03-11,Online Sale,Sales,Income,68044.0
548,2025-03-11,Office Rent,Inventory,Expense,10669.0
549,2025-03-11,Office Supplies,Software,Expense,17616.0
550,2025-03-11,Travel Expense,Office,Expense,22543.0
551,2025-03-11,Inventory Purchase,Inventory,Expense,2624.0
552,2025-03-12,Office Rent,Salaries,Expense,7676.0
553,2025-03-12,Inventory Purchase,Salaries,Expense,26274.0
554,2025-03-12,Office Rent,Office,Expense,19176.0
555,2025-03-12,Travel Expense,Salaries,Expense,25260.0
556,2025-03-12,Product Sale,Sales,Income,8407.0
557,2025-03-12,Service Revenue,Sales,Income,37940.0
558,2025-03-12,Service Revenue,Sales,Income,10666.0
559,2025-03-12,Electricity Bill,Marketing,Expense,30251.0
560,2025-03-13,Electricity Bill,Marketing,Expense,7940.0
561,2025-03-13,Office Rent,Marketing,Expense,20411.0
562,2025-03-13,Online Sale,Sales,Income,41713.0
563,2025-03-13,Online Sale,Sales,Income,59387.0
564,2025-03-13,Customer Payment,Sales,Income,48169.0
565,2025-03-13,Product Sale,Sales,Income,78282.0
566,2025-03-13,Software Subscription,Marketing,Expense,30468.0
567,2025-03-14,Service Revenue,Sales,Income,45522.0
568,2025-03-14,Service Revenue,Sales,Income,8880.0
569,2025-03-14,Marketing Campaign,Software,Expense,25445.0
570,2025-03-14,Online Sale,Sales,Income,60711.0
571,2025-03-14,Travel Expense,Marketing,Expense,31424.0
572,2025-03-14,Software Subscription,Office,Expense,10696.0
573,2025-03-14,Product Sale,Sales,Income,19799.0
574,2025-03-14,Marketing Campaign,Travel,Expense,3824.0
575,2025-03-15,Employee Salary,Software,Expense,20141.0
576,2025-03-15,Marketing Campaign,Software,Expense,27982.0
577,2025-03-15,Service Revenue,Sales,Income,48333.0
578,2025-03-15,Employee Salary,Salaries,Expense,15363.0
579,2025-03-15,Marketing Campaign,Software,Expense,24611.0
580,2025-03-15,Product Sale,Sales,Income,59362.0
581,2025-03-15,Office Rent,Inventory,Expense,8397.0
582,2025-03-15,Inventory Purchase,Travel,Expense,15392.0
583,2025-03-16,Employee Salary,Office,Expense,8771.0
584,2025-03-16,Product Sale,Sales,Income,19549.0
585,2025-03-16,Electricity Bill,Office,Expense,33857.0
586,2025-03-16,Product Sale,Sales,Income,25316.0
587,2025-03-16,Product Sale,Sales,Income,31183.0
588,2025-03-16,Customer Payment,Sales,Income,29624.0
589,2025-03-16,Product Sale,Sales,Income,67515.0
590,2025-03-16,Service Revenue,Sales,Income,51705.0
591,2025-03-17,Product Sale,Sales,Income,31756.0
592,2025-03-17,Software Subscription,Software,Expense,29506.0
593,2025-03-17,Online Sale,Sales,Income,73369.0
594,2025-03-17,Service Revenue,Sales,Income,75821.0
595,2025-03-17,Travel Expense,Inventory,Expense,23721.0
596,2025-03-17,Office Supplies,Travel,Expense,16917.0
597,2025-03-17,Travel Expense,Inventory,Expense,33039.0
598,2025-03-17,Service Revenue,Sales,Income,49786.0
599,2025-03-18,Customer Payment,Sales,Income,35286.0
600,2025-03-18,Online Sale,Sales,Income,20994.0
601,2025-03-18,Product Sale,Sales,Income,31639.0
602,2025-03-18,Customer Payment,Sales,Income,22205.0
603,2025-03-18,Service Revenue,Sales,Income,61677.0
604,2025-03-18,Online Sale,Sales,Income,37930.0
605,2025-03-18,Service Revenue,Sales,Income,78313.0
606,2025-03-18,Marketing Campaign,Salaries,Expense,27568.0
607,2025-03-19,Customer Payment,Sales,Income,32304.0
608,2025-03-19,Product Sale,Sales,Income,18403.0
609,2025-03-19,Software Subscription,Utilities,Expense,18215.0
610,2025-03-19,Inventory Purchase,Office,Expense,837.0
611,2025-03-19,Customer Payment,Sales,Income,41701.0
612,2025-03-19,Electricity Bill,Utilities,Expense,10557.0
613,2025-03-19,Marketing Campaign,Utilities,Expense,28213.0
614,2025-03-19,Service Revenue,Sales,Income,15367.0
615,2025-03-20,Office Supplies,Travel,Expense,20495.0
616,2025-03-20,Travel Expense,Inventory,Expense,26592.0
617,2025-03-20,Customer Payment,Sales,Income,38332.0
618,2025-03-20,Product Sale,Sales,Income,40268.0
619,2025-03-20,Office Supplies,Software,Expense,31536.0
620,2025-03-20,Inventory Purchase,Utilities,Expense,30113.0
621,2025-03-20,Online Sale,Sales,Income,60182.0
622,2025-03-21,Service Revenue,Sales,Income,37991.0
623,2025-03-21,Product Sale,Sales,Income,52663.0
624,2025-03-21,Office Supplies,Travel,Expense,23966.0
625,2025-03-21,Electricity Bill,Utilities,Expense,27509.0
626,2025-03-21,Customer Payment,Sales,Income,62692.0
627,2025-03-21,Inventory Purchase,Salaries,Expense,4248.0
628,2025-03-21,Office Supplies,Office,Expense,14165.0
629,2025-03-21,Product Sale,Sales,Income,52997.0
630,2025-03-22,Service Revenue,Sales,Income,12170.0
631,2025-03-22,Travel Expense,Office,Expense,19730.0
632,2025-03-22,Office Supplies,Marketing,Expense,25546.0
633,2025-03-22,Software Subscription,Marketing,Expense,10138.0
634,2025-03-22,Inventory Purchase,Travel,Expense,21327.0
635,2025-03-22,Customer Payment,Sales,Income,76776.0
636,2025-03-22,Customer Payment,Sales,Income,6893.0
637,2025-03-22,Inventory Purchase,Travel,Expense,18595.0
638,2025-03-23,Customer Payment,Sales,Income,43090.0
639,2025-03-23,Online Sale,Sales,Income,69922.0
640,2025-03-23,Customer Payment,Sales,Income,64412.0
641,2025-03-23,Product Sale,Sales,Income,61030.0
642,2025-03-23,Product Sale,Sales,Income,22509.0
643,2025-03-23,Online Sale,Sales,Income,73653.0
644,2025-03-23,Service Revenue,Sales,Income,41929.0
645,2025-03-23,Service Revenue,Sales,Income,53291.0
646,2025-03-24,Travel Expense,Software,Expense,22980.0
647,2025-03-24,Travel Expense,Travel,Expense,9611.0
648,2025-03-24,Inventory Purchase,Salaries,Expense,29989.0
649,2025-03-24,Software Subscription,Utilities,Expense,9904.0
650,2025-03-24,Marketing Campaign,Travel,Expense,34139.0
651,2025-03-24,Product Sale,Sales,Income,32938.0
652,2025-03-24,Office Supplies,Salaries,Expense,1363.0
653,2025-03-24,Electricity Bill,Travel,Expense,28184.0
654,2025-03-25,Software Subscription,Office,Expense,3555.0
655,2025-03-25,Service Revenue,Sales,Income,79323.0
656,2025-03-25,Service Revenue,Sales,Income,6986.0
657,2025-03-25,Product Sale,Sales,Income,17161.0
658,2025-03-25,Customer Payment,Sales,Income,25689.0
659,2025-03-25,Software Subscription,Salaries,Expense,11846.0
660,2025-03-25,Inventory Purchase,Utilities,Expense,7689.0
661,2025-03-25,Customer Payment,Sales,Income,68745.0
662,2025-03-26,Employee Salary,Salaries,Expense,744.0
663,2025-03-26,Office Supplies,Inventory,Expense,33288.0
664,2025-03-26,Customer Payment,Sales,Income,53542.0
665,2025-03-26,Service Revenue,Sales,Income,19345.0
666,2025-03-26,Online Sale,Sales,Income,36819.0
667,2025-03-26,Product Sale,Sales,Income,52779.0
668,2025-03-26,Product Sale,Sales,Income,70584.0
669,2025-03-26,Product Sale,Sales,Income,24950.0
670,2025-03-27,Customer Payment,Sales,Income,20173.0
671,2025-03-27,Service Revenue,Sales,Income,63032.0
672,2025-03-27,Office Rent,Salaries,Expense,30083.0
673,2025-03-27,Customer Payment,Sales,Income,76356.0
674,2025-03-27,Office Supplies,Office,Expense,18506.0
675,2025-03-27,Product Sale,Sales,Income,8052.0
676,2025-03-27,Office Rent,Inventory,Expense,4814.0
677,2025-03-28,Online Sale,Sales,Income,72838.0
678,2025-03-28,Online Sale,Sales,Income,72819.0
679,2025-03-28,Travel Expense,Inventory,Expense,10736.0
680,2025-03-28,Inventory Purchase,Travel,Expense,26867.0
681,2025-03-28,Office Supplies,Inventory,Expense,16852.0
682,2025-03-28,Customer Payment,Sales,Income,14472.0
683,2025-03-28,Customer Payment,Sales,Income,74263.0
684,2025-03-28,Travel Expense,Utilities,Expense,14535.0
685,2025-03-29,Electricity Bill,Salaries,Expense,16608.0
686,2025-03-29,Marketing Campaign,Marketing,Expense,3353.0
687,2025-03-29,Marketing Campaign,Marketing,Expense,19120.0
688,2025-03-29,Customer Payment,Sales,Income,14079.0
689,2025-03-29,Inventory Purchase,Software,Expense,26420.0
690,2025-03-29,Online Sale,Sales,Income,65726.0
691,2025-03-29,Service Revenue,Sales,Income,21532.0
692,2025-03-29,Customer Payment,Sales,Income,48162.0
693,2025-03-30,Office Supplies,Software,Expense,19824.0
694,2025-03-30,Customer Payment,Sales,Income,16353.0
695,2025-03-30,Service Revenue,Sales,Income,33477.0
696,2025-03-30,Software Subscription,Software,Expense,7744.0
697,2025-03-30,Online Sale,Sales,Income,16437.0
698,2025-03-30,Software Subscription,Marketing,Expense,23206.0
699,2025-03-30,Online Sale,Sales,Income,68370.0
700,2025-03-30,Marketing Campaign,Software,Expense,33543.0
701,2025-03-31,Software Subscription,Salaries,Expense,5771.0
702,2025-03-31,Service Revenue,Sales,Income,59880.0
703,2025-03-31,Product Sale,Sales,Income,17916.0
704,2025-03-31,Customer Payment,Sales,Income,46445.0
705,2025-03-31,Service Revenue,Sales,Income,52636.0
706,2025-03-31,Office Rent,Office,Expense,21909.0
707,2025-03-31,Online Sale,Sales,Income,34685.0
708,2025-03-31,Office Rent,Software,Expense,24964.0
709,2025-04-01,Product Sale,Sales,Income,72847.0
710,2025-04-01,Marketing Campaign,Travel,Expense,18728.0
711,2025-04-01,Inventory Purchase,Inventory,Expense,7886.0
712,2025-04-01,Software Subscription,Software,Expense,7362.0
713,2025-04-01,Marketing Campaign,Travel,Expense,26752.0
714,2025-04-01,Customer Payment,Sales,Income,66192.0
715,2025-04-01,Product Sale,Sales,Income,65686.0
716,2025-04-01,Inventory Purchase,Inventory,Expense,17927.0
717,2025-04-02,Travel Expense,Utilities,Expense,27701.0
718,2025-04-02,Marketing Campaign,Salaries,Expense,3542.0
719,2025-04-02,Service Revenue,Sales,Income,25981.0
720,2025-04-02,Office Supplies,Office,Expense,12192.0
721,2025-04-02,Electricity Bill,Software,Expense,15725.0
722,2025-04-02,Online Sale,Sales,Income,54990.0
723,2025-04-02,Service Revenue,Sales,Income,67888.0
724,2025-04-02,Office Supplies,Salaries,Expense,18761.0
725,2025-04-03,Electricity Bill,Travel,Expense,27878.0
726,2025-04-03,Office Supplies,Travel,Expense,21719.0
727,2025-04-03,Product Sale,Sales,Income,17446.0
728,2025-04-03,Inventory Purchase,Software,Expense,1294.0
729,2025-04-03,Service Revenue,Sales,Income,53632.0
730,2025-04-03,Product Sale,Sales,Income,26576.0
731,2025-04-03,Customer Payment,Sales,Income,8320.0
732,2025-04-04,Inventory Purchase,Travel,Expense,17858.0
733,2025-04-04,Office Supplies,Software,Expense,30290.0
734,2025-04-04,Office Rent,Inventory,Expense,21121.0
735,2025-04-04,Service Revenue,Sales,Income,22948.0
736,2025-04-04,Marketing Campaign,Inventory,Expense,13689.0
737,2025-04-04,Customer Payment,Sales,Income,32867.0
738,2025-04-04,Software Subscription,Software,Expense,7748.0
739,2025-04-04,Service Revenue,Sales,Income,71262.0
740,2025-04-05,Customer Payment,Sales,Income,77233.0
741,2025-04-05,Marketing Campaign,Salaries,Expense,29105.0
742,2025-04-05,Online Sale,Sales,Income,17963.0
743,2025-04-05,Inventory Purchase,Marketing,Expense,33555.0
744,2025-04-05,Electricity Bill,Marketing,Expense,3695.0
745,2025-04-05,Product Sale,Sales,Income,71617.0
746,2025-04-05,Employee Salary,Office,Expense,7950.0
747,2025-04-05,Customer Payment,Sales,Income,42528.0
748,2025-04-06,Software Subscription,Marketing,Expense,15015.0
749,2025-04-06,Travel Expense,Inventory,Expense,5810.0
750,2025-04-06,Electricity Bill,Utilities,Expense,32317.0
751,2025-04-06,Customer Payment,Sales,Income,7251.0
752,2025-04-06,Office Rent,Salaries,Expense,19780.0
753,2025-04-06,Travel Expense,Marketing,Expense,17605.0
754,2025-04-06,Online Sale,Sales,Income,14583.0
755,2025-04-06,Online Sale,Sales,Income,55387.0
756,2025-04-07,Electricity Bill,Utilities,Expense,15957.0
757,2025-04-07,Marketing Campaign,Utilities,Expense,4480.0
758,2025-04-07,Marketing Campaign,Marketing,Expense,21386.0
759,2025-04-07,Office Rent,Software,Expense,12076.0
760,2025-04-07,Electricity Bill,Inventory,Expense,32391.0
761,2025-04-07,Service Revenue,Sales,Income,78474.0
762,2025-04-07,Customer Payment,Sales,Income,9141.0
763,2025-04-07,Product Sale,Sales,Income,28350.0
764,2025-04-08,Inventory Purchase,Utilities,Expense,1628.0
765,2025-04-08,Service Revenue,Sales,Income,10077.0
766,2025-04-08,Marketing Campaign,Marketing,Expense,32822.0
767,2025-04-08,Inventory Purchase,Office,Expense,16660.0
768,2025-04-08,Electricity Bill,Inventory,Expense,10308.0
769,2025-04-08,Online Sale,Sales,Income,45857.0
770,2025-04-08,Electricity Bill,Utilities,Expense,22225.0
771,2025-04-08,Product Sale,Sales,Income,64902.0
772,2025-04-09,Office Supplies,Salaries,Expense,23918.0
773,2025-04-09,Service Revenue,Sales,Income,25002.0
774,2025-04-09,Service Revenue,Sales,Income,55711.0
775,2025-04-09,Inventory Purchase,Travel,Expense,22325.0
776,2025-04-09,Online Sale,Sales,Income,54103.0
777,2025-04-09,Online Sale,Sales,Income,33647.0
778,2025-04-09,Marketing Campaign,Travel,Expense,11667.0
779,2025-04-09,Employee Salary,Marketing,Expense,13838.0
780,2025-04-10,Inventory Purchase,Utilities,Expense,11253.0
781,2025-04-10,Travel Expense,Salaries,Expense,6484.0
782,2025-04-10,Travel Expense,Salaries,Expense,19395.0
783,2025-04-10,Online Sale,Sales,Income,55755.0
784,2025-04-10,Customer Payment,Sales,Income,22706.0
785,2025-04-10,Online Sale,Sales,Income,27340.0
786,2025-04-10,Inventory Purchase,Inventory,Expense,18101.0
787,2025-04-10,Office Supplies,Software,Expense,5849.0
788,2025-04-11,Service Revenue,Sales,Income,22482.0
789,2025-04-11,Marketing Campaign,Software,Expense,8250.0
790,2025-04-11,Inventory Purchase,Inventory,Expense,29893.0
791,2025-04-11,Service Revenue,Sales,Income,79854.0
792,2025-04-11,Office Supplies,Travel,Expense,9899.0
793,2025-04-11,Marketing Campaign,Utilities,Expense,14186.0
794,2025-04-11,Inventory Purchase,Utilities,Expense,34775.0
795,2025-04-12,Service Revenue,Sales,Income,33930.0
796,2025-04-12,Travel Expense,Office,Expense,15276.0
797,2025-04-12,Software Subscription,Travel,Expense,30027.0
798,2025-04-12,Office Rent,Office,Expense,16297.0
799,2025-04-12,Travel Expense,Office,Expense,5802.0
800,2025-04-12,Office Rent,Marketing,Expense,1408.0
801,2025-04-12,Electricity Bill,Salaries,Expense,15623.0
802,2025-04-12,Customer Payment,Sales,Income,17191.0
803,2025-04-13,Travel Expense,Salaries,Expense,14739.0
804,2025-04-13,Employee Salary,Travel,Expense,21935.0
805,2025-04-13,Product Sale,Sales,Income,15737.0
806,2025-04-13,Employee Salary,Software,Expense,18215.0
807,2025-04-13,Electricity Bill,Software,Expense,23735.0
808,2025-04-13,Office Supplies,Utilities,Expense,26629.0
809,2025-04-13,Software Subscription,Travel,Expense,11034.0
810,2025-04-13,Customer Payment,Sales,Income,55508.0
811,2025-04-14,Office Supplies,Office,Expense,21031.0
812,2025-04-14,Electricity Bill,Salaries,Expense,11467.0
813,2025-04-14,Customer Payment,Sales,Income,43967.0
814,2025-04-14,Software Subscription,Inventory,Expense,527.0
815,2025-04-14,Software Subscription,Inventory,Expense,9160.0
816,2025-04-14,Electricity Bill,Utilities,Expense,25839.0
817,2025-04-14,Software Subscription,Office,Expense,10116.0
818,2025-04-14,Customer Payment,Sales,Income,6849.0
819,2025-04-15,Product Sale,Sales,Income,73178.0
820,2025-04-15,Customer Payment,Sales,Income,72136.0
821,2025-04-15,Office Rent,Travel,Expense,26751.0
822,2025-04-15,Service Revenue,Sales,Income,49565.0
823,2025-04-15,Online Sale,Sales,Income,25183.0
824,2025-04-15,Service Revenue,Sales,Income,6132.0
825,2025-04-15,Travel Expense,Salaries,Expense,10610.0
826,2025-04-15,Software Subscription,Utilities,Expense,22055.0
827,2025-04-16,Service Revenue,Sales,Income,43563.0
828,2025-04-16,Customer Payment,Sales,Income,15931.0
829,2025-04-16,Software Subscription,Software,Expense,1531.0
830,2025-04-16,Electricity Bill,Office,Expense,24265.0
831,2025-04-16,Product Sale,Sales,Income,63901.0
832,2025-04-16,Inventory Purchase,Inventory,Expense,18368.0
833,2025-04-16,Service Revenue,Sales,Income,51691.0
834,2025-04-16,Product Sale,Sales,Income,29363.0
835,2025-04-17,Travel Expense,Inventory,Expense,22722.0
836,2025-04-17,Service Revenue,Sales,Income,6582.0
837,2025-04-17,Travel Expense,Travel,Expense,34818.0
838,2025-04-17,Service Revenue,Sales,Income,26301.0
839,2025-04-17,Office Rent,Office,Expense,18713.0
840,2025-04-17,Office Supplies,Software,Expense,10723.0
841,2025-04-17,Product Sale,Sales,Income,67224.0
842,2025-04-17,Electricity Bill,Utilities,Expense,4356.0
843,2025-04-18,Customer Payment,Sales,Income,42534.0
844,2025-04-18,Employee Salary,Marketing,Expense,16091.0
845,2025-04-18,Customer Payment,Sales,Income,76629.0
846,2025-04-18,Online Sale,Sales,Income,60856.0
847,2025-04-18,Product Sale,Sales,Income,54252.0
848,2025-04-18,Inventory Purchase,Travel,Expense,19916.0
849,2025-04-18,Inventory Purchase,Salaries,Expense,14172.0
850,2025-04-19,Office Rent,Salaries,Expense,18432.0
851,2025-04-19,Service Revenue,Sales,Income,38005.0
852,2025-04-19,Office Supplies,Office,Expense,564.0
853,2025-04-19,Customer Payment,Sales,Income,28610.0
854,2025-04-19,Inventory Purchase,Salaries,Expense,5349.0
855,2025-04-19,Customer Payment,Sales,Income,26602.0
856,2025-04-19,Service Revenue,Sales,Income,16110.0
857,2025-04-19,Customer Payment,Sales,Income,11073.0
858,2025-04-20,Software Subscription,Travel,Expense,29927.0
859,2025-04-20,Office Rent,Utilities,Expense,17480.0
860,2025-04-20,Product Sale,Sales,Income,22138.0
861,2025-04-20,Software Subscription,Inventory,Expense,4389.0
862,2025-04-20,Office Rent,Inventory,Expense,31835.0
863,2025-04-20,Travel Expense,Office,Expense,26662.0
864,2025-04-20,Service Revenue,Sales,Income,59659.0
865,2025-04-20,Online Sale,Sales,Income,54692.0
866,2025-04-21,Travel Expense,Marketing,Expense,33720.0
867,2025-04-21,Product Sale,Sales,Income,35562.0
868,2025-04-21,Online Sale,Sales,Income,33036.0
869,2025-04-21,Employee Salary,Inventory,Expense,6467.0
870,2025-04-21,Travel Expense,Software,Expense,23258.0
871,2025-04-21,Customer Payment,Sales,Income,73681.0
872,2025-04-21,Online Sale,Sales,Income,32818.0
873,2025-04-21,Electricity Bill,Software,Expense,34727.0
874,2025-04-22,Service Revenue,Sales,Income,67532.0
875,2025-04-22,Customer Payment,Sales,Income,62705.0
876,2025-04-22,Online Sale,Sales,Income,25104.0
877,2025-04-22,Travel Expense,Software,Expense,14907.0
878,2025-04-22,Electricity Bill,Office,Expense,15057.0
879,2025-04-22,Online Sale,Sales,Income,37317.0
880,2025-04-22,Online Sale,Sales,Income,36416.0
881,2025-04-22,Customer Payment,Sales,Income,47012.0
882,2025-04-23,Office Rent,Travel,Expense,13593.0
883,2025-04-23,Service Revenue,Sales,Income,26400.0
884,2025-04-23,Product Sale,Sales,Income,53270.0
885,2025-04-23,Electricity Bill,Marketing,Expense,16989.0
886,2025-04-23,Online Sale,Sales,Income,54833.0
887,2025-04-23,Employee Salary,Office,Expense,20971.0
888,2025-04-23,Customer Payment,Sales,Income,74468.0
889,2025-04-23,Customer Payment,Sales,Income,64473.0
890,2025-04-24,Product Sale,Sales,Income,50809.0
891,2025-04-24,Employee Salary,Utilities,Expense,15068.0
892,2025-04-24,Software Subscription,Salaries,Expense,9966.0
893,2025-04-24,Office Rent,Office,Expense,26021.0
894,2025-04-24,Customer Payment,Sales,Income,65646.0
895,2025-04-24,Electricity Bill,Salaries,Expense,32519.0
896,2025-04-24,Product Sale,Sales,Income,5074.0
897,2025-04-24,Customer Payment,Sales,Income,31498.0
898,2025-04-25,Software Subscription,Travel,Expense,29755.0
899,2025-04-25,Service Revenue,Sales,Income,25541.0
900,2025-04-25,Product Sale,Sales,Income,50929.0
901,2025-04-25,Service Revenue,Sales,Income,31028.0
902,2025-04-25,Online Sale,Sales,Income,34545.0
903,2025-04-25,Product Sale,Sales,Income,36673.0
904,2025-04-25,Employee Salary,Office,Expense,33056.0
905,2025-04-26,Product Sale,Sales,Income,63899.0
906,2025-04-26,Marketing Campaign,Software,Expense,5360.0
907,2025-04-26,Marketing Campaign,Inventory,Expense,4229.0
908,2025-04-26,Online Sale,Sales,Income,28525.0
909,2025-04-26,Service Revenue,Sales,Income,62804.0
910,2025-04-26,Online Sale,Sales,Income,20043.0
911,2025-04-26,Marketing Campaign,Inventory,Expense,11664.0
912,2025-04-26,Product Sale,Sales,Income,55227.0
913,2025-04-27,Office Rent,Salaries,Expense,606.0
914,2025-04-27,Online Sale,Sales,Income,42383.0
915,2025-04-27,Electricity Bill,Inventory,Expense,22162.0
916,2025-04-27,Online Sale,Sales,Income,12265.0
917,2025-04-27,Online Sale,Sales,Income,27763.0
918,2025-04-27,Software Subscription,Office,Expense,12696.0
919,2025-04-27,Employee Salary,Travel,Expense,4750.0
920,2025-04-27,Product Sale,Sales,Income,14247.0
921,2025-04-28,Office Supplies,Salaries,Expense,17779.0
922,2025-04-28,Electricity Bill,Marketing,Expense,30693.0
923,2025-04-28,Office Rent,Software,Expense,27368.0
924,2025-04-28,Inventory Purchase,Utilities,Expense,28975.0
925,2025-04-28,Product Sale,Sales,Income,36362.0
926,2025-04-28,Customer Payment,Sales,Income,52356.0
927,2025-04-28,Product Sale,Sales,Income,11041.0
928,2025-04-28,Office Supplies,Travel,Expense,34569.0
929,2025-04-29,Travel Expense,Marketing,Expense,7358.0
930,2025-04-29,Service Revenue,Sales,Income,26059.0
931,2025-04-29,Online Sale,Sales,Income,49722.0
932,2025-04-29,Inventory Purchase,Salaries,Expense,25668.0
933,2025-04-29,Marketing Campaign,Utilities,Expense,32599.0
934,2025-04-29,Inventory Purchase,Software,Expense,6144.0
935,2025-04-29,Customer Payment,Sales,Income,40490.0
936,2025-04-29,Customer Payment,Sales,Income,63760.0
937,2025-04-30,Customer Payment,Sales,Income,35337.0
938,2025-04-30,Employee Salary,Utilities,Expense,11345.0
939,2025-04-30,Customer Payment,Sales,Income,29309.0
940,2025-04-30,Marketing Campaign,Marketing,Expense,28957.0
941,2025-04-30,Customer Payment,Sales,Income,77255.0
942,2025-04-30,Marketing Campaign,Office,Expense,21646.0
943,2025-04-30,Office Supplies,Marketing,Expense,17935.0
944,2025-04-30,Travel Expense,Software,Expense,20468.0
945,2025-05-01,Product Sale,Sales,Income,51660.0
946,2025-05-01,Customer Payment,Sales,Income,55281.0
947,2025-05-01,Service Revenue,Sales,Income,5767.0
948,2025-05-01,Electricity Bill,Marketing,Expense,24898.0
949,2025-05-01,Travel Expense,Utilities,Expense,32580.0
950,2025-05-01,Software Subscription,Office,Expense,10765.0
951,2025-05-01,Office Rent,Office,Expense,32652.0
952,2025-05-01,Electricity Bill,Utilities,Expense,28224.0
953,2025-05-02,Product Sale,Sales,Income,19621.0
954,2025-05-02,Inventory Purchase,Inventory,Expense,34619.0
955,2025-05-02,Online Sale,Sales,Income,45502.0
956,2025-05-02,Customer Payment,Sales,Income,41674.0
957,2025-05-02,Marketing Campaign,Software,Expense,26514.0
958,2025-05-02,Service Revenue,Sales,Income,47498.0
959,2025-05-02,Service Revenue,Sales,Income,72609.0
960,2025-05-03,Inventory Purchase,Salaries,Expense,30528.0
961,2025-05-03,Service Revenue,Sales,Income,76805.0
962,2025-05-03,Employee Salary,Salaries,Expense,24831.0
963,2025-05-03,Service Revenue,Sales,Income,59469.0
964,2025-05-03,Customer Payment,Sales,Income,22194.0
965,2025-05-03,Online Sale,Sales,Income,31811.0
966,2025-05-03,Customer Payment,Sales,Income,77377.0
967,2025-05-03,Office Rent,Inventory,Expense,4623.0
968,2025-05-04,Customer Payment,Sales,Income,64238.0
969,2025-05-04,Inventory Purchase,Marketing,Expense,905.0
970,2025-05-04,Electricity Bill,Software,Expense,19202.0
971,2025-05-04,Travel Expense,Office,Expense,26750.0
972,2025-05-04,Software Subscription,Software,Expense,21942.0
973,2025-05-04,Employee Salary,Software,Expense,18193.0
974,2025-05-04,Online Sale,Sales,Income,58502.0
975,2025-05-04,Online Sale,Sales,Income,42755.0
976,2025-05-05,Online Sale,Sales,Income,13733.0
977,2025-05-05,Office Rent,Salaries,Expense,30492.0
978,2025-05-05,Online Sale,Sales,Income,26304.0
979,2025-05-05,Software Subscription,Utilities,Expense,12621.0
980,2025-05-05,Office Supplies,Office,Expense,14719.0
981,2025-05-05,Service Revenue,Sales,Income,26252.0
982,2025-05-05,Travel Expense,Salaries,Expense,24776.0
983,2025-05-05,Product Sale,Sales,Income,74959.0
984,2025-05-06,Product Sale,Sales,Income,15450.0
985,2025-05-06,Travel Expense,Software,Expense,18459.0
986,2025-05-06,Office Rent,Inventory,Expense,29022.0
987,2025-05-06,Inventory Purchase,Marketing,Expense,10453.0
988,2025-05-06,Product Sale,Sales,Income,54853.0
989,2025-05-06,Online Sale,Sales,Income,36826.0
990,2025-05-06,Software Subscription,Travel,Expense,3113.0
991,2025-05-06,Software Subscription,Software,Expense,24996.0
992,2025-05-07,Electricity Bill,Utilities,Expense,18265.0
993,2025-05-07,Online Sale,Sales,Income,45736.0
994,2025-05-07,Office Supplies,Marketing,Expense,4015.0
995,2025-05-07,Service Revenue,Sales,Income,52058.0
996,2025-05-07,Product Sale,Sales,Income,79094.0
997,2025-05-07,Travel Expense,Inventory,Expense,8884.0
998,2025-05-07,Online Sale,Sales,Income,9886.0
999,2025-05-07,Marketing Campaign,Inventory,Expense,4034.0
1000,2025-05-08,Online Sale,Sales,Income,26575.0
1001,2025-05-08,Customer Payment,Sales,Income,44643.0
1002,2025-05-08,Software Subscription,Office,Expense,25965.0
1003,2025-05-08,Office Rent,Utilities,Expense,31093.0
1004,2025-05-08,Employee Salary,Marketing,Expense,21830.0
1005,2025-05-08,Office Rent,Inventory,Expense,8802.0
1006,2025-05-08,Software Subscription,Salaries,Expense,13407.0
1007,2025-05-08,Marketing Campaign,Marketing,Expense,24930.0
1008,2025-05-09,Electricity Bill,Inventory,Expense,7681.0
1009,2025-05-09,Service Revenue,Sales,Income,43506.0
1010,2025-05-09,Office Supplies,Marketing,Expense,27719.0
1011,2025-05-09,Product Sale,Sales,Income,17305.0
1012,2025-05-09,Office Rent,Office,Expense,14745.0
1013,2025-05-09,Marketing Campaign,Software,Expense,6957.0
1014,2025-05-09,Customer Payment,Sales,Income,13989.0
1015,2025-05-10,Inventory Purchase,Office,Expense,33564.0
1016,2025-05-10,Inventory Purchase,Utilities,Expense,10321.0
1017,2025-05-10,Service Revenue,Sales,Income,44462.0
1018,2025-05-10,Inventory Purchase,Marketing,Expense,13619.0
1019,2025-05-10,Employee Salary,Marketing,Expense,8164.0
1020,2025-05-10,Customer Payment,Sales,Income,70472.0
1021,2025-05-10,Office Supplies,Inventory,Expense,32321.0
1022,2025-05-10,Product Sale,Sales,Income,39160.0
1023,2025-05-11,Software Subscription,Travel,Expense,4882.0
1024,2025-05-11,Marketing Campaign,Marketing,Expense,16949.0
1025,2025-05-11,Office Supplies,Office,Expense,17763.0
1026,2025-05-11,Travel Expense,Salaries,Expense,25143.0
1027,2025-05-11,Electricity Bill,Marketing,Expense,9908.0
1028,2025-05-11,Electricity Bill,Utilities,Expense,24106.0
1029,2025-05-11,Product Sale,Sales,Income,18275.0
1030,2025-05-11,Office Supplies,Software,Expense,5569.0
1031,2025-05-12,Service Revenue,Sales,Income,39550.0
1032,2025-05-12,Marketing Campaign,Marketing,Expense,17391.0
1033,2025-05-12,Customer Payment,Sales,Income,24641.0
1034,2025-05-12,Product Sale,Sales,Income,76749.0
1035,2025-05-12,Service Revenue,Sales,Income,20605.0
1036,2025-05-12,Office Rent,Marketing,Expense,18009.0
1037,2025-05-12,Online Sale,Sales,Income,25390.0
1038,2025-05-12,Office Supplies,Inventory,Expense,8475.0
1039,2025-05-13,Customer Payment,Sales,Income,8981.0
1040,2025-05-13,Service Revenue,Sales,Income,14493.0
1041,2025-05-13,Office Supplies,Utilities,Expense,5370.0
1042,2025-05-13,Marketing Campaign,Office,Expense,19409.0
1043,2025-05-13,Service Revenue,Sales,Income,21984.0
1044,2025-05-13,Software Subscription,Travel,Expense,2438.0
1045,2025-05-13,Travel Expense,Marketing,Expense,28890.0
1046,2025-05-13,Electricity Bill,Marketing,Expense,20628.0
1047,2025-05-14,Online Sale,Sales,Income,70614.0
1048,2025-05-14,Online Sale,Sales,Income,40891.0
1049,2025-05-14,Electricity Bill,Inventory,Expense,940.0
1050,2025-05-14,Product Sale,Sales,Income,50836.0
1051,2025-05-14,Electricity Bill,Inventory,Expense,12163.0
1052,2025-05-14,Inventory Purchase,Marketing,Expense,20047.0
1053,2025-05-14,Software Subscription,Office,Expense,16626.0
1054,2025-05-14,Office Supplies,Office,Expense,505.0
1055,2025-05-15,Software Subscription,Marketing,Expense,7538.0
1056,2025-05-15,Product Sale,Sales,Income,23562.0
1057,2025-05-15,Marketing Campaign,Software,Expense,22623.0
1058,2025-05-15,Customer Payment,Sales,Income,12610.0
1059,2025-05-15,Inventory Purchase,Travel,Expense,11550.0
1060,2025-05-15,Inventory Purchase,Software,Expense,3106.0
1061,2025-05-15,Travel Expense,Inventory,Expense,16982.0
1062,2025-05-15,Software Subscription,Marketing,Expense,33793.0
1063,2025-05-16,Travel Expense,Software,Expense,6837.0
1064,2025-05-16,Service Revenue,Sales,Income,70864.0
1065,2025-05-16,Service Revenue,Sales,Income,51451.0
1066,2025-05-16,Travel Expense,Travel,Expense,26765.0
1067,2025-05-16,Customer Payment,Sales,Income,11794.0
1068,2025-05-16,Customer Payment,Sales,Income,37888.0
1069,2025-05-16,Online Sale,Sales,Income,11749.0
1070,2025-05-17,Service Revenue,Sales,Income,51531.0
1071,2025-05-17,Product Sale,Sales,Income,25608.0
1072,2025-05-17,Product Sale,Sales,Income,74211.0
1073,2025-05-17,Service Revenue,Sales,Income,61017.0
1074,2025-05-17,Service Revenue,Sales,Income,62676.0
1075,2025-05-17,Electricity Bill,Travel,Expense,24265.0
1076,2025-05-17,Service Revenue,Sales,Income,59401.0
1077,2025-05-17,Product Sale,Sales,Income,55468.0
1078,2025-05-18,Travel Expense,Salaries,Expense,27976.0
1079,2025-05-18,Service Revenue,Sales,Income,36663.0
1080,2025-05-18,Marketing Campaign,Travel,Expense,9928.0
1081,2025-05-18,Software Subscription,Software,Expense,31919.0
1082,2025-05-18,Online Sale,Sales,Income,38123.0
1083,2025-05-18,Customer Payment,Sales,Income,14718.0
1084,2025-05-18,Marketing Campaign,Marketing,Expense,6504.0
1085,2025-05-18,Inventory Purchase,Salaries,Expense,11912.0
1086,2025-05-19,Office Supplies,Inventory,Expense,12255.0
1087,2025-05-19,Office Supplies,Office,Expense,19517.0
1088,2025-05-19,Online Sale,Sales,Income,22397.0
1089,2025-05-19,Marketing Campaign,Travel,Expense,29340.0
1090,2025-05-19,Customer Payment,Sales,Income,52657.0
1091,2025-05-19,Office Rent,Office,Expense,9691.0
1092,2025-05-19,Travel Expense,Software,Expense,651.0
1093,2025-05-19,Electricity Bill,Software,Expense,19947.0
1094,2025-05-20,Software Subscription,Inventory,Expense,23251.0
1095,2025-05-20,Customer Payment,Sales,Income,55390.0
1096,2025-05-20,Customer Payment,Sales,Income,64557.0
1097,2025-05-20,Service Revenue,Sales,Income,70054.0
1098,2025-05-20,Product Sale,Sales,Income,6906.0
1099,2025-05-20,Inventory Purchase,Marketing,Expense,24292.0
1100,2025-05-20,Product Sale,Sales,Income,12961.0
1101,2025-05-20,Online Sale,Sales,Income,31140.0
1102,2025-05-21,Travel Expense,Software,Expense,29522.0
1103,2025-05-21,Software Subscription,Inventory,Expense,4293.0
1104,2025-05-21,Employee Salary,Inventory,Expense,2159.0
1105,2025-05-21,Travel Expense,Travel,Expense,16540.0
1106,2025-05-21,Customer Payment,Sales,Income,34504.0
1107,2025-05-21,Service Revenue,Sales,Income,42146.0
1108,2025-05-21,Marketing Campaign,Utilities,Expense,4103.0
1109,2025-05-21,Office Supplies,Marketing,Expense,18100.0
1110,2025-05-22,Customer Payment,Sales,Income,21939.0
1111,2025-05-22,Employee Salary,Inventory,Expense,13623.0
1112,2025-05-22,Customer Payment,Sales,Income,49460.0
1113,2025-05-22,Customer Payment,Sales,Income,71576.0
1114,2025-05-22,Software Subscription,Office,Expense,31776.0
1115,2025-05-22,Travel Expense,Software,Expense,16013.0
1116,2025-05-22,Employee Salary,Inventory,Expense,5642.0
1117,2025-05-22,Product Sale,Sales,Income,40321.0
1118,2025-05-23,Employee Salary,Office,Expense,26007.0
1119,2025-05-23,Service Revenue,Sales,Income,18186.0
1120,2025-05-23,Product Sale,Sales,Income,21459.0
1121,2025-05-23,Office Rent,Marketing,Expense,8026.0
1122,2025-05-23,Inventory Purchase,Inventory,Expense,19862.0
1123,2025-05-23,Software Subscription,Office,Expense,5095.0
1124,2025-05-23,Electricity Bill,Travel,Expense,30894.0
1125,2025-05-24,Electricity Bill,Marketing,Expense,15902.0
1126,2025-05-24,Software Subscription,Utilities,Expense,27640.0
1127,2025-05-24,Customer Payment,Sales,Income,10188.0
1128,2025-05-24,Product Sale,Sales,Income,34680.0
1129,2025-05-24,Product Sale,Sales,Income,65119.0
1130,2025-05-24,Service Revenue,Sales,Income,79400.0
1131,2025-05-24,Inventory Purchase,Office,Expense,24720.0
1132,2025-05-24,Inventory Purchase,Travel,Expense,34453.0
1133,2025-05-25,Service Revenue,Sales,Income,10796.0
1134,2025-05-25,Product Sale,Sales,Income,52218.0
1135,2025-05-25,Inventory Purchase,Travel,Expense,5399.0
1136,2025-05-25,Service Revenue,Sales,Income,13123.0
1137,2025-05-25,Marketing Campaign,Salaries,Expense,2435.0
1138,2025-05-25,Inventory Purchase,Office,Expense,10835.0
1139,2025-05-25,Office Rent,Marketing,Expense,18169.0
1140,2025-05-25,Software Subscription,Salaries,Expense,9045.0
1141,2025-05-26,Office Supplies,Inventory,Expense,18769.0
1142,2025-05-26,Product Sale,Sales,Income,61321.0
1143,2025-05-26,Office Rent,Office,Expense,11212.0
1144,2025-05-26,Office Supplies,Salaries,Expense,16491.0
1145,2025-05-26,Customer Payment,Sales,Income,28806.0
1146,2025-05-26,Office Rent,Salaries,Expense,34815.0
1147,2025-05-26,Office Rent,Travel,Expense,31306.0
1148,2025-05-26,Software Subscription,Travel,Expense,12710.0
1149,2025-05-27,Travel Expense,Salaries,Expense,34636.0
1150,2025-05-27,Electricity Bill,Salaries,Expense,16445.0
1151,2025-05-27,Electricity Bill,Marketing,Expense,30165.0
1152,2025-05-27,Electricity Bill,Travel,Expense,14144.0
1153,2025-05-27,Marketing Campaign,Inventory,Expense,5417.0
1154,2025-05-27,Software Subscription,Travel,Expense,20368.0
1155,2025-05-27,Marketing Campaign,Software,Expense,12377.0
1156,2025-05-27,Travel Expense,Marketing,Expense,13724.0
1157,2025-05-28,Online Sale,Sales,Income,7017.0
1158,2025-05-28,Travel Expense,Inventory,Expense,27772.0
1159,2025-05-28,Employee Salary,Salaries,Expense,31168.0
1160,2025-05-28,Online Sale,Sales,Income,60982.0
1161,2025-05-28,Office Rent,Travel,Expense,7740.0
1162,2025-05-28,Product Sale,Sales,Income,56586.0
1163,2025-05-28,Product Sale,Sales,Income,24252.0
1164,2025-05-28,Office Rent,Office,Expense,1065.0
1165,2025-05-29,Online Sale,Sales,Income,39206.0
1166,2025-05-29,Marketing Campaign,Salaries,Expense,6058.0
1167,2025-05-29,Travel Expense,Salaries,Expense,16875.0
1168,2025-05-29,Inventory Purchase,Marketing,Expense,26210.0
1169,2025-05-29,Customer Payment,Sales,Income,47929.0
1170,2025-05-29,Customer Payment,Sales,Income,70747.0
1171,2025-05-29,Office Supplies,Office,Expense,22293.0
1172,2025-05-29,Office Rent,Salaries,Expense,28097.0
1173,2025-05-30,Office Rent,Salaries,Expense,9253.0
1174,2025-05-30,Online Sale,Sales,Income,62196.0
1175,2025-05-30,Office Rent,Office,Expense,33569.0
1176,2025-05-30,Inventory Purchase,Travel,Expense,20651.0
1177,2025-05-30,Inventory Purchase,Software,Expense,9201.0
1178,2025-05-30,Product Sale,Sales,Income,53893.0
1179,2025-05-30,Electricity Bill,Utilities,Expense,30541.0
1180,2025-05-30,Travel Expense,Utilities,Expense,7748.0
1181,2025-05-31,Office Supplies,Marketing,Expense,20329.0
1182,2025-05-31,Product Sale,Sales,Income,15929.0
1183,2025-05-31,Electricity Bill,Inventory,Expense,25870.0
1184,2025-05-31,Marketing Campaign,Travel,Expense,10886.0
1185,2025-05-31,Customer Payment,Sales,Income,22393.0
1186,2025-05-31,Employee Salary,Utilities,Expense,34974.0
1187,2025-05-31,Office Rent,Software,Expense,25144.0
1188,2025-06-01,Product Sale,Sales,Income,52934.0
1189,2025-06-01,Product Sale,Sales,Income,33840.0
1190,2025-06-01,Employee Salary,Salaries,Expense,11643.0
1191,2025-06-01,Online Sale,Sales,Income,10424.0
1192,2025-06-01,Electricity Bill,Marketing,Expense,30469.0
1193,2025-06-01,Online Sale,Sales,Income,34187.0
1194,2025-06-01,Employee Salary,Office,Expense,23078.0
1195,2025-06-01,Service Revenue,Sales,Income,66892.0
1196,2025-06-02,Office Supplies,Office,Expense,7012.0
1197,2025-06-02,Office Rent,Inventory,Expense,11096.0
1198,2025-06-02,Employee Salary,Office,Expense,32246.0
1199,2025-06-02,Electricity Bill,Salaries,Expense,20430.0
1200,2025-06-02,Online Sale,Sales,Income,30008.0
1201,2025-06-02,Employee Salary,Salaries,Expense,19187.0
1202,2025-06-02,Product Sale,Sales,Income,29976.0
1203,2025-06-02,Service Revenue,Sales,Income,32626.0
1204,2025-06-03,Product Sale,Sales,Income,64789.0
1205,2025-06-03,Travel Expense,Salaries,Expense,31332.0
1206,2025-06-03,Software Subscription,Salaries,Expense,18476.0
1207,2025-06-03,Inventory Purchase,Office,Expense,6026.0
1208,2025-06-03,Service Revenue,Sales,Income,12526.0
1209,2025-06-03,Product Sale,Sales,Income,44500.0
1210,2025-06-03,Marketing Campaign,Inventory,Expense,6972.0
1211,2025-06-03,Online Sale,Sales,Income,78366.0
1212,2025-06-04,Travel Expense,Inventory,Expense,16328.0
1213,2025-06-04,Online Sale,Sales,Income,61096.0
1214,2025-06-04,Employee Salary,Marketing,Expense,22888.0
1215,2025-06-04,Software Subscription,Marketing,Expense,15555.0
1216,2025-06-04,Online Sale,Sales,Income,55248.0
1217,2025-06-04,Service Revenue,Sales,Income,79656.0
1218,2025-06-04,Marketing Campaign,Salaries,Expense,12964.0
1219,2025-06-04,Marketing Campaign,Utilities,Expense,7740.0
1220,2025-06-05,Online Sale,Sales,Income,46954.0
1221,2025-06-05,Inventory Purchase,Salaries,Expense,20122.0
1222,2025-06-05,Customer Payment,Sales,Income,5595.0
1223,2025-06-05,Service Revenue,Sales,Income,34592.0
1224,2025-06-05,Electricity Bill,Office,Expense,6200.0
1225,2025-06-05,Product Sale,Sales,Income,67665.0
1226,2025-06-05,Employee Salary,Travel,Expense,17593.0
1227,2025-06-05,Online Sale,Sales,Income,10972.0
1228,2025-06-06,Customer Payment,Sales,Income,20882.0
1229,2025-06-06,Software Subscription,Software,Expense,19983.0
1230,2025-06-06,Customer Payment,Sales,Income,76055.0
1231,2025-06-06,Office Supplies,Utilities,Expense,22206.0
1232,2025-06-06,Service Revenue,Sales,Income,30020.0
1233,2025-06-06,Customer Payment,Sales,Income,47748.0
1234,2025-06-06,Product Sale,Sales,Income,49912.0
1235,2025-06-06,Electricity Bill,Office,Expense,24654.0
1236,2025-06-07,Product Sale,Sales,Income,38798.0
1237,2025-06-07,Office Rent,Office,Expense,15889.0
1238,2025-06-07,Inventory Purchase,Office,Expense,26824.0
1239,2025-06-07,Marketing Campaign,Marketing,Expense,28185.0
1240,2025-06-07,Online Sale,Sales,Income,7850.0
1241,2025-06-07,Office Supplies,Software,Expense,22297.0
1242,2025-06-07,Office Supplies,Marketing,Expense,6274.0
1243,2025-06-08,Inventory Purchase,Travel,Expense,32133.0
1244,2025-06-08,Travel Expense,Utilities,Expense,1296.0
1245,2025-06-08,Marketing Campaign,Inventory,Expense,28889.0
1246,2025-06-08,Office Supplies,Utilities,Expense,7688.0
1247,2025-06-08,Service Revenue,Sales,Income,9532.0
1248,2025-06-08,Customer Payment,Sales,Income,9924.0
1249,2025-06-08,Software Subscription,Office,Expense,8166.0
1250,2025-06-08,Inventory Purchase,Office,Expense,7084.0
1251,2025-06-09,Travel Expense,Office,Expense,25962.0
1252,2025-06-09,Office Supplies,Marketing,Expense,27544.0
1253,2025-06-09,Service Revenue,Sales,Income,20385.0
1254,2025-06-09,Customer Payment,Sales,Income,14336.0
1255,2025-06-09,Electricity Bill,Travel,Expense,18403.0
1256,2025-06-09,Customer Payment,Sales,Income,36225.0
1257,2025-06-09,Customer Payment,Sales,Income,41021.0
1258,2025-06-09,Travel Expense,Marketing,Expense,23495.0
1259,2025-06-10,Online Sale,Sales,Income,54111.0
1260,2025-06-10,Inventory Purchase,Utilities,Expense,5366.0
1261,2025-06-10,Customer Payment,Sales,Income,54037.0
1262,2025-06-10,Office Supplies,Utilities,Expense,29052.0
1263,2025-06-10,Online Sale,Sales,Income,18335.0
1264,2025-06-10,Travel Expense,Salaries,Expense,22833.0
1265,2025-06-10,Service Revenue,Sales,Income,39840.0
1266,2025-06-10,Service Revenue,Sales,Income,36007.0
1267,2025-06-11,Service Revenue,Sales,Income,61947.0
1268,2025-06-11,Software Subscription,Software,Expense,34647.0
1269,2025-06-11,Employee Salary,Inventory,Expense,10175.0
1270,2025-06-11,Customer Payment,Sales,Income,14107.0
1271,2025-06-11,Office Supplies,Marketing,Expense,32161.0
1272,2025-06-11,Office Supplies,Software,Expense,17684.0
1273,2025-06-11,Office Supplies,Inventory,Expense,26322.0
1274,2025-06-11,Service Revenue,Sales,Income,21138.0
1275,2025-06-12,Inventory Purchase,Salaries,Expense,5767.0
1276,2025-06-12,Online Sale,Sales,Income,14190.0
1277,2025-06-12,Product Sale,Sales,Income,60698.0
1278,2025-06-12,Employee Salary,Office,Expense,18972.0
1279,2025-06-12,Service Revenue,Sales,Income,22322.0
1280,2025-06-12,Software Subscription,Inventory,Expense,26087.0
1281,2025-06-12,Employee Salary,Utilities,Expense,12156.0
1282,2025-06-12,Electricity Bill,Software,Expense,27826.0
1283,2025-06-13,Inventory Purchase,Marketing,Expense,19010.0
1284,2025-06-13,Customer Payment,Sales,Income,34059.0
1285,2025-06-13,Product Sale,Sales,Income,62557.0
1286,2025-06-13,Employee Salary,Travel,Expense,27597.0
1287,2025-06-13,Service Revenue,Sales,Income,58014.0
1288,2025-06-13,Service Revenue,Sales,Income,37826.0
1289,2025-06-13,Service Revenue,Sales,Income,35297.0
1290,2025-06-13,Product Sale,Sales,Income,48890.0
1291,2025-06-14,Online Sale,Sales,Income,26322.0
1292,2025-06-14,Customer Payment,Sales,Income,40739.0
1293,2025-06-14,Electricity Bill,Travel,Expense,26335.0
1294,2025-06-14,Software Subscription,Travel,Expense,30243.0
1295,2025-06-14,Travel Expense,Marketing,Expense,31417.0
1296,2025-06-14,Product Sale,Sales,Income,20357.0
1297,2025-06-14,Product Sale,Sales,Income,25365.0
1298,2025-06-15,Service Revenue,Sales,Income,44029.0
1299,2025-06-15,Software Subscription,Utilities,Expense,19451.0
1300,2025-06-15,Travel Expense,Office,Expense,27068.0
1301,2025-06-15,Product Sale,Sales,Income,32499.0
1302,2025-06-15,Electricity Bill,Software,Expense,13700.0
1303,2025-06-15,Service Revenue,Sales,Income,61247.0
1304,2025-06-15,Marketing Campaign,Salaries,Expense,11032.0
1305,2025-06-15,Travel Expense,Utilities,Expense,23965.0
1306,2025-06-16,Office Supplies,Travel,Expense,21791.0
1307,2025-06-16,Office Rent,Inventory,Expense,31080.0
1308,2025-06-16,Electricity Bill,Marketing,Expense,26649.0
1309,2025-06-16,Service Revenue,Sales,Income,43098.0
1310,2025-06-16,Inventory Purchase,Salaries,Expense,11119.0
1311,2025-06-16,Online Sale,Sales,Income,51228.0
1312,2025-06-16,Office Supplies,Office,Expense,4049.0
1313,2025-06-16,Office Rent,Inventory,Expense,19193.0
1314,2025-06-17,Travel Expense,Travel,Expense,32422.0
1315,2025-06-17,Office Supplies,Utilities,Expense,12665.0
1316,2025-06-17,Electricity Bill,Salaries,Expense,24064.0
1317,2025-06-17,Software Subscription,Inventory,Expense,25801.0
1318,2025-06-17,Software Subscription,Travel,Expense,21265.0
1319,2025-06-17,Online Sale,Sales,Income,34332.0
1320,2025-06-17,Customer Payment,Sales,Income,51737.0
1321,2025-06-17,Online Sale,Sales,Income,78970.0
1322,2025-06-18,Service Revenue,Sales,Income,56952.0
1323,2025-06-18,Employee Salary,Travel,Expense,14705.0
1324,2025-06-18,Service Revenue,Sales,Income,32472.0
1325,2025-06-18,Software Subscription,Utilities,Expense,5952.0
1326,2025-06-18,Customer Payment,Sales,Income,31849.0
1327,2025-06-18,Online Sale,Sales,Income,6541.0
1328,2025-06-18,Travel Expense,Office,Expense,18800.0
1329,2025-06-18,Office Supplies,Office,Expense,10066.0
1330,2025-06-19,Office Supplies,Salaries,Expense,8001.0
1331,2025-06-19,Software Subscription,Office,Expense,2345.0
1332,2025-06-19,Travel Expense,Marketing,Expense,13730.0
1333,2025-06-19,Online Sale,Sales,Income,7972.0
1334,2025-06-19,Electricity Bill,Utilities,Expense,34904.0
1335,2025-06-19,Software Subscription,Inventory,Expense,23064.0
1336,2025-06-19,Office Rent,Travel,Expense,32862.0
1337,2025-06-19,Online Sale,Sales,Income,30757.0
1338,2025-06-20,Office Rent,Utilities,Expense,25260.0
1339,2025-06-20,Product Sale,Sales,Income,49013.0
1340,2025-06-20,Service Revenue,Sales,Income,19706.0
1341,2025-06-20,Online Sale,Sales,Income,43231.0
1342,2025-06-20,Office Rent,Marketing,Expense,22199.0
1343,2025-06-20,Travel Expense,Inventory,Expense,12954.0
1344,2025-06-20,Office Rent,Office,Expense,22211.0
1345,2025-06-20,Inventory Purchase,Office,Expense,15559.0
1346,2025-06-21,Product Sale,Sales,Income,6313.0
1347,2025-06-21,Product Sale,Sales,Income,12847.0
1348,2025-06-21,Service Revenue,Sales,Income,55222.0
1349,2025-06-21,Inventory Purchase,Software,Expense,32767.0
1350,2025-06-21,Service Revenue,Sales,Income,14930.0
1351,2025-06-21,Software Subscription,Travel,Expense,16984.0
1352,2025-06-21,Software Subscription,Utilities,Expense,3587.0
1353,2025-06-22,Service Revenue,Sales,Income,21704.0
1354,2025-06-22,Software Subscription,Salaries,Expense,25180.0
1355,2025-06-22,Software Subscription,Salaries,Expense,17577.0
1356,2025-06-22,Marketing Campaign,Salaries,Expense,11932.0
1357,2025-06-22,Electricity Bill,Salaries,Expense,3991.0
1358,2025-06-22,Product Sale,Sales,Income,71922.0
1359,2025-06-22,Service Revenue,Sales,Income,58915.0
1360,2025-06-22,Office Rent,Salaries,Expense,28588.0
1361,2025-06-23,Marketing Campaign,Inventory,Expense,14979.0
1362,2025-06-23,Customer Payment,Sales,Income,64274.0
1363,2025-06-23,Inventory Purchase,Inventory,Expense,22857.0
1364,2025-06-23,Electricity Bill,Inventory,Expense,6469.0
1365,2025-06-23,Electricity Bill,Inventory,Expense,9481.0
1366,2025-06-23,Customer Payment,Sales,Income,52708.0
1367,2025-06-23,Office Supplies,Salaries,Expense,24908.0
1368,2025-06-23,Inventory Purchase,Software,Expense,24741.0
1369,2025-06-24,Online Sale,Sales,Income,40281.0
1370,2025-06-24,Customer Payment,Sales,Income,25187.0
1371,2025-06-24,Software Subscription,Office,Expense,4157.0
1372,2025-06-24,Customer Payment,Sales,Income,44220.0
1373,2025-06-24,Inventory Purchase,Salaries,Expense,19180.0
1374,2025-06-24,Electricity Bill,Marketing,Expense,17658.0
1375,2025-06-24,Product Sale,Sales,Income,38760.0
1376,2025-06-24,Electricity Bill,Office,Expense,13479.0
1377,2025-06-25,Customer Payment,Sales,Income,9381.0
1378,2025-06-25,Inventory Purchase,Inventory,Expense,15655.0
1379,2025-06-25,Product Sale,Sales,Income,35782.0
1380,2025-06-25,Inventory Purchase,Utilities,Expense,4829.0
1381,2025-06-25,Product Sale,Sales,Income,59712.0
1382,2025-06-25,Online Sale,Sales,Income,24462.0
1383,2025-06-25,Inventory Purchase,Salaries,Expense,1869.0
1384,2025-06-25,Product Sale,Sales,Income,73519.0
1385,2025-06-26,Marketing Campaign,Travel,Expense,24675.0
1386,2025-06-26,Service Revenue,Sales,Income,60206.0
1387,2025-06-26,Travel Expense,Salaries,Expense,14350.0
1388,2025-06-26,Online Sale,Sales,Income,7523.0
1389,2025-06-26,Office Rent,Software,Expense,26301.0
1390,2025-06-26,Employee Salary,Office,Expense,22251.0
1391,2025-06-26,Service Revenue,Sales,Income,20089.0
1392,2025-06-26,Customer Payment,Sales,Income,9581.0
1393,2025-06-27,Customer Payment,Sales,Income,16907.0
1394,2025-06-27,Marketing Campaign,Software,Expense,16720.0
1395,2025-06-27,Online Sale,Sales,Income,56153.0
1396,2025-06-27,Office Supplies,Travel,Expense,20551.0
1397,2025-06-27,Customer Payment,Sales,Income,49143.0
1398,2025-06-27,Service Revenue,Sales,Income,27936.0
1399,2025-06-27,Electricity Bill,Marketing,Expense,3322.0
1400,2025-06-27,Employee Salary,Inventory,Expense,25167.0
1401,2025-06-28,Online Sale,Sales,Income,64758.0
1402,2025-06-28,Product Sale,Sales,Income,51057.0
1403,2025-06-28,Online Sale,Sales,Income,17537.0
1404,2025-06-28,Software Subscription,Marketing,Expense,22284.0
1405,2025-06-28,Office Rent,Office,Expense,30172.0
1406,2025-06-28,Software Subscription,Inventory,Expense,1582.0
1407,2025-06-28,Employee Salary,Salaries,Expense,11648.0
1408,2025-06-29,Office Rent,Office,Expense,27994.0
1409,2025-06-29,Software Subscription,Marketing,Expense,10057.0
1410,2025-06-29,Office Supplies,Salaries,Expense,14539.0
1411,2025-06-29,Customer Payment,Sales,Income,14505.0
1412,2025-06-29,Online Sale,Sales,Income,7105.0
1413,2025-06-29,Product Sale,Sales,Income,73104.0
1414,2025-06-29,Product Sale,Sales,Income,63408.0
1415,2025-06-29,Software Subscription,Utilities,Expense,25690.0
1416,2025-06-30,Office Supplies,Travel,Expense,33512.0
1417,2025-06-30,Customer Payment,Sales,Income,69280.0
1418,2025-06-30,Customer Payment,Sales,Income,20762.0
1419,2025-06-30,Inventory Purchase,Utilities,Expense,18730.0
1420,2025-06-30,Marketing Campaign,Inventory,Expense,23905.0
1421,2025-06-30,Service Revenue,Sales,Income,26577.0
1422,2025-06-30,Marketing Campaign,Utilities,Expense,28325.0
1423,2025-06-30,Product Sale,Sales,Income,53114.0
1424,2025-07-01,Customer Payment,Sales,Income,68230.0
1425,2025-07-01,Office Rent,Travel,Expense,18618.0
1426,2025-07-01,Office Rent,Inventory,Expense,13617.0
1427,2025-07-01,Online Sale,Sales,Income,42792.0
1428,2025-07-01,Office Supplies,Utilities,Expense,1444.0
1429,2025-07-01,Marketing Campaign,Marketing,Expense,32195.0
1430,2025-07-01,Office Supplies,Marketing,Expense,2011.0
1431,2025-07-01,Travel Expense,Travel,Expense,23002.0
1432,2025-07-02,Office Supplies,Software,Expense,25305.0
1433,2025-07-02,Inventory Purchase,Salaries,Expense,27493.0
1434,2025-07-02,Employee Salary,Salaries,Expense,8869.0
1435,2025-07-02,Customer Payment,Sales,Income,33469.0
1436,2025-07-02,Online Sale,Sales,Income,8845.0
1437,2025-07-02,Product Sale,Sales,Income,28290.0
1438,2025-07-02,Employee Salary,Marketing,Expense,3340.0
1439,2025-07-02,Customer Payment,Sales,Income,49252.0
1440,2025-07-03,Office Supplies,Marketing,Expense,28023.0
1441,2025-07-03,Employee Salary,Utilities,Expense,2274.0
1442,2025-07-03,Service Revenue,Sales,Income,21608.0
1443,2025-07-03,Office Rent,Software,Expense,4371.0
1444,2025-07-03,Service Revenue,Sales,Income,21619.0
1445,2025-07-03,Office Supplies,Inventory,Expense,17729.0
1446,2025-07-03,Product Sale,Sales,Income,56040.0
1447,2025-07-03,Software Subscription,Software,Expense,29789.0
1448,2025-07-04,Electricity Bill,Salaries,Expense,3760.0
1449,2025-07-04,Employee Salary,Travel,Expense,32519.0
1450,2025-07-04,Inventory Purchase,Office,Expense,3645.0
1451,2025-07-04,Travel Expense,Inventory,Expense,32253.0
1452,2025-07-04,Inventory Purchase,Inventory,Expense,8302.0
1453,2025-07-04,Marketing Campaign,Software,Expense,2763.0
1454,2025-07-04,Electricity Bill,Office,Expense,27413.0
1455,2025-07-04,Customer Payment,Sales,Income,62853.0
1456,2025-07-05,Employee Salary,Office,Expense,1422.0
1457,2025-07-05,Marketing Campaign,Inventory,Expense,7195.0
1458,2025-07-05,Travel Expense,Salaries,Expense,21172.0
1459,2025-07-05,Product Sale,Sales,Income,37312.0
1460,2025-07-05,Software Subscription,Inventory,Expense,8316.0
1461,2025-07-05,Product Sale,Sales,Income,72313.0
1462,2025-07-05,Software Subscription,Software,Expense,29039.0
1463,2025-07-06,Service Revenue,Sales,Income,29014.0
1464,2025-07-06,Electricity Bill,Utilities,Expense,12133.0
1465,2025-07-06,Inventory Purchase,Salaries,Expense,23884.0
1466,2025-07-06,Online Sale,Sales,Income,12490.0
1467,2025-07-06,Office Rent,Utilities,Expense,6566.0
1468,2025-07-06,Service Revenue,Sales,Income,40757.0
1469,2025-07-06,Marketing Campaign,Salaries,Expense,13707.0
1470,2025-07-06,Software Subscription,Inventory,Expense,20606.0
1471,2025-07-07,Marketing Campaign,Travel,Expense,14822.0
1472,2025-07-07,Software Subscription,Marketing,Expense,19918.0
1473,2025-07-07,Office Supplies,Utilities,Expense,2887.0
1474,2025-07-07,Online Sale,Sales,Income,75192.0
1475,2025-07-07,Product Sale,Sales,Income,55477.0
1476,2025-07-07,Office Rent,Marketing,Expense,34395.0
1477,2025-07-07,Travel Expense,Travel,Expense,25414.0
1478,2025-07-07,Employee Salary,Travel,Expense,15135.0
1479,2025-07-08,Travel Expense,Marketing,Expense,8035.0
1480,2025-07-08,Online Sale,Sales,Income,6831.0
1481,2025-07-08,Electricity Bill,Travel,Expense,13555.0
1482,2025-07-08,Customer Payment,Sales,Income,33511.0
1483,2025-07-08,Travel Expense,Salaries,Expense,27165.0
1484,2025-07-08,Online Sale,Sales,Income,23302.0
1485,2025-07-08,Online Sale,Sales,Income,60568.0
1486,2025-07-08,Service Revenue,Sales,Income,8232.0
1487,2025-07-09,Service Revenue,Sales,Income,56507.0
1488,2025-07-09,Office Supplies,Office,Expense,5508.0
1489,2025-07-09,Service Revenue,Sales,Income,28664.0
1490,2025-07-09,Product Sale,Sales,Income,38172.0
1491,2025-07-09,Customer Payment,Sales,Income,69340.0
1492,2025-07-09,Service Revenue,Sales,Income,16017.0
1493,2025-07-09,Online Sale,Sales,Income,41613.0
1494,2025-07-09,Customer Payment,Sales,Income,35348.0
1495,2025-07-10,Office Rent,Inventory,Expense,2120.0
1496,2025-07-10,Software Subscription,Utilities,Expense,34216.0
1497,2025-07-10,Electricity Bill,Utilities,Expense,9819.0
1498,2025-07-10,Software Subscription,Inventory,Expense,17075.0
1499,2025-07-10,Online Sale,Sales,Income,5968.0
1500,2025-07-10,Employee Salary,Salaries,Expense,12452.0
1501,2025-07-10,Electricity Bill,Office,Expense,18287.0
1502,2025-07-10,Software Subscription,Travel,Expense,34372.0
1503,2025-07-11,Service Revenue,Sales,Income,59154.0
1504,2025-07-11,Product Sale,Sales,Income,40851.0
1505,2025-07-11,Product Sale,Sales,Income,30496.0
1506,2025-07-11,Service Revenue,Sales,Income,35936.0
1507,2025-07-11,Office Rent,Inventory,Expense,22645.0
1508,2025-07-11,Office Supplies,Office,Expense,8403.0
1509,2025-07-11,Software Subscription,Office,Expense,18668.0
1510,2025-07-11,Travel Expense,Travel,Expense,27363.0
1511,2025-07-12,Office Rent,Marketing,Expense,29048.0
1512,2025-07-12,Electricity Bill,Salaries,Expense,9490.0
1513,2025-07-12,Inventory Purchase,Inventory,Expense,11967.0
1514,2025-07-12,Customer Payment,Sales,Income,27912.0
1515,2025-07-12,Customer Payment,Sales,Income,61572.0
1516,2025-07-12,Product Sale,Sales,Income,24276.0
1517,2025-07-12,Travel Expense,Marketing,Expense,4867.0
1518,2025-07-13,Software Subscription,Software,Expense,16704.0
1519,2025-07-13,Online Sale,Sales,Income,67147.0
1520,2025-07-13,Employee Salary,Inventory,Expense,2593.0
1521,2025-07-13,Product Sale,Sales,Income,70557.0
1522,2025-07-13,Office Rent,Marketing,Expense,31283.0
1523,2025-07-13,Product Sale,Sales,Income,31336.0
1524,2025-07-13,Product Sale,Sales,Income,8641.0
1525,2025-07-13,Office Rent,Software,Expense,26508.0
1526,2025-07-14,Customer Payment,Sales,Income,18306.0
1527,2025-07-14,Product Sale,Sales,Income,51182.0
1528,2025-07-14,Customer Payment,Sales,Income,79123.0
1529,2025-07-14,Office Supplies,Software,Expense,29230.0
1530,2025-07-14,Electricity Bill,Utilities,Expense,9736.0
1531,2025-07-14,Customer Payment,Sales,Income,75198.0
1532,2025-07-14,Electricity Bill,Utilities,Expense,19088.0
1533,2025-07-14,Office Rent,Software,Expense,4402.0
1534,2025-07-15,Customer Payment,Sales,Income,30032.0
1535,2025-07-15,Online Sale,Sales,Income,64624.0
1536,2025-07-15,Online Sale,Sales,Income,46964.0
1537,2025-07-15,Service Revenue,Sales,Income,35028.0
1538,2025-07-15,Electricity Bill,Salaries,Expense,20596.0
1539,2025-07-15,Product Sale,Sales,Income,13536.0
1540,2025-07-15,Office Rent,Marketing,Expense,22185.0
1541,2025-07-15,Employee Salary,Marketing,Expense,16175.0
1542,2025-07-16,Product Sale,Sales,Income,11273.0
1543,2025-07-16,Travel Expense,Office,Expense,22776.0
1544,2025-07-16,Customer Payment,Sales,Income,79353.0
1545,2025-07-16,Office Rent,Salaries,Expense,24013.0
1546,2025-07-16,Inventory Purchase,Marketing,Expense,24121.0
1547,2025-07-16,Marketing Campaign,Office,Expense,24211.0
1548,2025-07-16,Office Rent,Utilities,Expense,28285.0
1549,2025-07-16,Customer Payment,Sales,Income,51219.0
1550,2025-07-17,Employee Salary,Inventory,Expense,17562.0
1551,2025-07-17,Office Rent,Utilities,Expense,5866.0
1552,2025-07-17,Marketing Campaign,Travel,Expense,26965.0
1553,2025-07-17,Travel Expense,Inventory,Expense,32786.0
1554,2025-07-17,Marketing Campaign,Office,Expense,14147.0
1555,2025-07-17,Product Sale,Sales,Income,20629.0
1556,2025-07-17,Service Revenue,Sales,Income,63008.0
1557,2025-07-17,Inventory Purchase,Inventory,Expense,7318.0
1558,2025-07-18,Service Revenue,Sales,Income,15860.0
1559,2025-07-18,Office Rent,Office,Expense,5528.0
1560,2025-07-18,Office Rent,Software,Expense,33225.0
1561,2025-07-18,Online Sale,Sales,Income,76545.0
1562,2025-07-18,Product Sale,Sales,Income,25842.0
1563,2025-07-18,Travel Expense,Travel,Expense,18656.0
1564,2025-07-18,Service Revenue,Sales,Income,47372.0
1565,2025-07-18,Office Rent,Travel,Expense,25267.0
1566,2025-07-19,Online Sale,Sales,Income,43744.0
1567,2025-07-19,Office Supplies,Office,Expense,8998.0
1568,2025-07-19,Online Sale,Sales,Income,8650.0
1569,2025-07-19,Marketing Campaign,Software,Expense,25607.0
1570,2025-07-19,Office Supplies,Inventory,Expense,29293.0
1571,2025-07-19,Travel Expense,Utilities,Expense,3196.0
1572,2025-07-19,Online Sale,Sales,Income,53113.0
1573,2025-07-19,Marketing Campaign,Inventory,Expense,23897.0
1574,2025-07-20,Electricity Bill,Salaries,Expense,8204.0
1575,2025-07-20,Service Revenue,Sales,Income,22459.0
1576,2025-07-20,Product Sale,Sales,Income,40418.0
1577,2025-07-20,Customer Payment,Sales,Income,52085.0
1578,2025-07-20,Inventory Purchase,Inventory,Expense,11890.0
1579,2025-07-20,Office Supplies,Inventory,Expense,19446.0
1580,2025-07-20,Employee Salary,Utilities,Expense,7141.0
1581,2025-07-21,Online Sale,Sales,Income,66082.0
1582,2025-07-21,Service Revenue,Sales,Income,11895.0
1583,2025-07-21,Office Rent,Inventory,Expense,10466.0
1584,2025-07-21,Travel Expense,Utilities,Expense,24314.0
1585,2025-07-21,Software Subscription,Travel,Expense,34689.0
1586,2025-07-21,Service Revenue,Sales,Income,28932.0
1587,2025-07-21,Office Supplies,Marketing,Expense,30722.0
1588,2025-07-21,Customer Payment,Sales,Income,59847.0
1589,2025-07-22,Service Revenue,Sales,Income,43931.0
1590,2025-07-22,Travel Expense,Travel,Expense,5459.0
1591,2025-07-22,Marketing Campaign,Office,Expense,27757.0
1592,2025-07-22,Inventory Purchase,Inventory,Expense,32484.0
1593,2025-07-22,Service Revenue,Sales,Income,16767.0
1594,2025-07-22,Product Sale,Sales,Income,13071.0
1595,2025-07-22,Inventory Purchase,Travel,Expense,29557.0
1596,2025-07-22,Inventory Purchase,Marketing,Expense,34594.0
1597,2025-07-23,Customer Payment,Sales,Income,20540.0
1598,2025-07-23,Customer Payment,Sales,Income,75248.0
1599,2025-07-23,Product Sale,Sales,Income,24787.0
1600,2025-07-23,Travel Expense,Inventory,Expense,3832.0
1601,2025-07-23,Product Sale,Sales,Income,27606.0
1602,2025-07-23,Customer Payment,Sales,Income,15150.0
1603,2025-07-23,Online Sale,Sales,Income,51936.0
1604,2025-07-23,Service Revenue,Sales,Income,13593.0
1605,2025-07-24,Product Sale,Sales,Income,22358.0
1606,2025-07-24,Inventory Purchase,Utilities,Expense,1801.0
1607,2025-07-24,Service Revenue,Sales,Income,33074.0
1608,2025-07-24,Travel Expense,Software,Expense,21183.0
1609,2025-07-24,Online Sale,Sales,Income,49194.0
1610,2025-07-24,Office Supplies,Office,Expense,22955.0
1611,2025-07-24,Employee Salary,Software,Expense,4612.0
1612,2025-07-24,Office Supplies,Utilities,Expense,17382.0
1613,2025-07-25,Inventory Purchase,Travel,Expense,32645.0
1614,2025-07-25,Product Sale,Sales,Income,55493.0
1615,2025-07-25,Online Sale,Sales,Income,41495.0
1616,2025-07-25,Office Rent,Office,Expense,2605.0
1617,2025-07-25,Employee Salary,Utilities,Expense,22211.0
1618,2025-07-25,Electricity Bill,Software,Expense,6130.0
1619,2025-07-25,Marketing Campaign,Salaries,Expense,3706.0
1620,2025-07-25,Employee Salary,Marketing,Expense,19453.0
1621,2025-07-26,Office Rent,Office,Expense,10568.0
1622,2025-07-26,Customer Payment,Sales,Income,38161.0
1623,2025-07-26,Inventory Purchase,Office,Expense,1567.0
1624,2025-07-26,Employee Salary,Office,Expense,15745.0
1625,2025-07-26,Service Revenue,Sales,Income,38349.0
1626,2025-07-26,Office Rent,Salaries,Expense,29664.0
1627,2025-07-26,Online Sale,Sales,Income,5132.0
1628,2025-07-26,Marketing Campaign,Software,Expense,34215.0
1629,2025-07-27,Service Revenue,Sales,Income,73921.0
1630,2025-07-27,Software Subscription,Software,Expense,34439.0
1631,2025-07-27,Office Rent,Office,Expense,6614.0
1632,2025-07-27,Customer Payment,Sales,Income,49223.0
1633,2025-07-27,Software Subscription,Software,Expense,13318.0
1634,2025-07-27,Electricity Bill,Utilities,Expense,9835.0
1635,2025-07-27,Marketing Campaign,Inventory,Expense,6709.0
1636,2025-07-28,Product Sale,Sales,Income,44601.0
1637,2025-07-28,Online Sale,Sales,Income,78889.0
1638,2025-07-28,Service Revenue,Sales,Income,20690.0
1639,2025-07-28,Office Supplies,Utilities,Expense,33425.0
1640,2025-07-28,Software Subscription,Office,Expense,11595.0
1641,2025-07-28,Travel Expense,Salaries,Expense,19679.0
1642,2025-07-28,Inventory Purchase,Salaries,Expense,28900.0
1643,2025-07-28,Office Rent,Salaries,Expense,19261.0
1644,2025-07-29,Employee Salary,Utilities,Expense,2310.0
1645,2025-07-29,Service Revenue,Sales,Income,68600.0
1646,2025-07-29,Inventory Purchase,Utilities,Expense,29062.0
1647,2025-07-29,Online Sale,Sales,Income,33205.0
1648,2025-07-29,Office Rent,Marketing,Expense,7453.0
1649,2025-07-29,Inventory Purchase,Utilities,Expense,22631.0
1650,2025-07-29,Electricity Bill,Inventory,Expense,27383.0
1651,2025-07-29,Online Sale,Sales,Income,64010.0
1652,2025-07-30,Customer Payment,Sales,Income,29485.0
1653,2025-07-30,Service Revenue,Sales,Income,6067.0
1654,2025-07-30,Online Sale,Sales,Income,25607.0
1655,2025-07-30,Service Revenue,Sales,Income,66597.0
1656,2025-07-30,Inventory Purchase,Inventory,Expense,13144.0
1657,2025-07-30,Electricity Bill,Office,Expense,20798.0
1658,2025-07-30,Product Sale,Sales,Income,20187.0
1659,2025-07-30,Online Sale,Sales,Income,8985.0
1660,2025-07-31,Service Revenue,Sales,Income,48052.0
1661,2025-07-31,Office Supplies,Travel,Expense,7782.0
1662,2025-07-31,Employee Salary,Salaries,Expense,27039.0
1663,2025-07-31,Inventory Purchase,Inventory,Expense,3807.0
1664,2025-07-31,Travel Expense,Marketing,Expense,18245.0
1665,2025-07-31,Electricity Bill,Office,Expense,1573.0
1666,2025-07-31,Office Supplies,Utilities,Expense,33183.0
1667,2025-07-31,Service Revenue,Sales,Income,76327.0
1668,2025-08-01,Employee Salary,Travel,Expense,22786.0
1669,2025-08-01,Product Sale,Sales,Income,78994.0
1670,2025-08-01,Travel Expense,Utilities,Expense,27793.0
1671,2025-08-01,Product Sale,Sales,Income,53506.0
1672,2025-08-01,Marketing Campaign,Inventory,Expense,12818.0
1673,2025-08-01,Electricity Bill,Marketing,Expense,3555.0
1674,2025-08-01,Marketing Campaign,Salaries,Expense,17543.0
1675,2025-08-01,Office Supplies,Marketing,Expense,6820.0
1676,2025-08-02,Customer Payment,Sales,Income,46831.0
1677,2025-08-02,Customer Payment,Sales,Income,47933.0
1678,2025-08-02,Service Revenue,Sales,Income,52307.0
1679,2025-08-02,Customer Payment,Sales,Income,53340.0
1680,2025-08-02,Office Rent,Travel,Expense,23257.0
1681,2025-08-02,Product Sale,Sales,Income,77178.0
1682,2025-08-02,Travel Expense,Salaries,Expense,22471.0
1683,2025-08-02,Software Subscription,Inventory,Expense,26227.0
1684,2025-08-03,Software Subscription,Office,Expense,23059.0
1685,2025-08-03,Product Sale,Sales,Income,53367.0
1686,2025-08-03,Office Supplies,Office,Expense,18165.0
1687,2025-08-03,Marketing Campaign,Salaries,Expense,27976.0
1688,2025-08-03,Office Supplies,Salaries,Expense,11491.0
1689,2025-08-03,Travel Expense,Office,Expense,20061.0
1690,2025-08-03,Travel Expense,Marketing,Expense,5011.0
1691,2025-08-04,Service Revenue,Sales,Income,37624.0
1692,2025-08-04,Marketing Campaign,Travel,Expense,4381.0
1693,2025-08-04,Service Revenue,Sales,Income,14964.0
1694,2025-08-04,Customer Payment,Sales,Income,32785.0
1695,2025-08-04,Product Sale,Sales,Income,17336.0
1696,2025-08-04,Customer Payment,Sales,Income,32412.0
1697,2025-08-04,Online Sale,Sales,Income,50591.0
1698,2025-08-04,Product Sale,Sales,Income,66750.0
1699,2025-08-05,Travel Expense,Utilities,Expense,34413.0
1700,2025-08-05,Software Subscription,Salaries,Expense,9602.0
1701,2025-08-05,Electricity Bill,Salaries,Expense,18450.0
1702,2025-08-05,Customer Payment,Sales,Income,19429.0
1703,2025-08-05,Service Revenue,Sales,Income,72808.0
1704,2025-08-05,Office Supplies,Salaries,Expense,25167.0
1705,2025-08-05,Customer Payment,Sales,Income,73936.0
1706,2025-08-05,Service Revenue,Sales,Income,62378.0
1707,2025-08-06,Electricity Bill,Office,Expense,22644.0
1708,2025-08-06,Service Revenue,Sales,Income,73827.0
1709,2025-08-06,Travel Expense,Office,Expense,15805.0
1710,2025-08-06,Inventory Purchase,Inventory,Expense,22231.0
1711,2025-08-06,Service Revenue,Sales,Income,56428.0
1712,2025-08-06,Product Sale,Sales,Income,42207.0
1713,2025-08-06,Inventory Purchase,Office,Expense,26342.0
1714,2025-08-06,Software Subscription,Utilities,Expense,24327.0
1715,2025-08-07,Customer Payment,Sales,Income,47438.0
1716,2025-08-07,Marketing Campaign,Marketing,Expense,19409.0
1717,2025-08-07,Customer Payment,Sales,Income,61862.0
1718,2025-08-07,Office Supplies,Office,Expense,13485.0
1719,2025-08-07,Marketing Campaign,Inventory,Expense,23025.0
1720,2025-08-07,Online Sale,Sales,Income,31145.0
1721,2025-08-07,Product Sale,Sales,Income,31442.0
1722,2025-08-07,Online Sale,Sales,Income,30596.0
1723,2025-08-08,Product Sale,Sales,Income,47406.0
1724,2025-08-08,Customer Payment,Sales,Income,45524.0
1725,2025-08-08,Inventory Purchase,Utilities,Expense,6039.0
1726,2025-08-08,Online Sale,Sales,Income,20764.0
1727,2025-08-08,Office Rent,Utilities,Expense,21811.0
1728,2025-08-08,Office Supplies,Office,Expense,4144.0
1729,2025-08-08,Software Subscription,Inventory,Expense,20945.0
1730,2025-08-08,Software Subscription,Marketing,Expense,10011.0
1731,2025-08-09,Service Revenue,Sales,Income,12244.0
1732,2025-08-09,Travel Expense,Utilities,Expense,9975.0
1733,2025-08-09,Inventory Purchase,Marketing,Expense,19730.0
1734,2025-08-09,Service Revenue,Sales,Income,21956.0
1735,2025-08-09,Service Revenue,Sales,Income,45473.0
1736,2025-08-09,Electricity Bill,Office,Expense,5222.0
1737,2025-08-09,Online Sale,Sales,Income,74586.0
1738,2025-08-09,Customer Payment,Sales,Income,21709.0
1739,2025-08-10,Service Revenue,Sales,Income,20210.0
1740,2025-08-10,Customer Payment,Sales,Income,54510.0
1741,2025-08-10,Employee Salary,Marketing,Expense,16476.0
1742,2025-08-10,Office Rent,Software,Expense,12546.0
1743,2025-08-10,Electricity Bill,Marketing,Expense,33944.0
1744,2025-08-10,Customer Payment,Sales,Income,58412.0
1745,2025-08-10,Product Sale,Sales,Income,63971.0
1746,2025-08-11,Office Rent,Utilities,Expense,30508.0
1747,2025-08-11,Online Sale,Sales,Income,64846.0
1748,2025-08-11,Product Sale,Sales,Income,70480.0
1749,2025-08-11,Electricity Bill,Travel,Expense,9534.0
1750,2025-08-11,Customer Payment,Sales,Income,46152.0
1751,2025-08-11,Inventory Purchase,Utilities,Expense,24573.0
1752,2025-08-11,Product Sale,Sales,Income,53137.0
1753,2025-08-11,Customer Payment,Sales,Income,51412.0
1754,2025-08-12,Customer Payment,Sales,Income,48876.0
1755,2025-08-12,Inventory Purchase,Utilities,Expense,19084.0
1756,2025-08-12,Employee Salary,Salaries,Expense,34951.0
1757,2025-08-12,Software Subscription,Office,Expense,31049.0
1758,2025-08-12,Inventory Purchase,Office,Expense,6821.0
1759,2025-08-12,Product Sale,Sales,Income,11861.0
1760,2025-08-12,Marketing Campaign,Marketing,Expense,32066.0
1761,2025-08-12,Inventory Purchase,Travel,Expense,33021.0
1762,2025-08-13,Office Supplies,Software,Expense,24298.0
1763,2025-08-13,Online Sale,Sales,Income,73515.0
1764,2025-08-13,Software Subscription,Inventory,Expense,23527.0
1765,2025-08-13,Online Sale,Sales,Income,12065.0
1766,2025-08-13,Product Sale,Sales,Income,42684.0
1767,2025-08-13,Software Subscription,Software,Expense,24829.0
1768,2025-08-13,Inventory Purchase,Inventory,Expense,7287.0
1769,2025-08-13,Product Sale,Sales,Income,28704.0
1770,2025-08-14,Online Sale,Sales,Income,62857.0
1771,2025-08-14,Travel Expense,Office,Expense,23080.0
1772,2025-08-14,Employee Salary,Salaries,Expense,20791.0
1773,2025-08-14,Travel Expense,Travel,Expense,4788.0
1774,2025-08-14,Office Rent,Utilities,Expense,7234.0
1775,2025-08-14,Office Supplies,Software,Expense,17964.0
1776,2025-08-14,Service Revenue,Sales,Income,52952.0
1777,2025-08-14,Office Rent,Marketing,Expense,8351.0
1778,2025-08-15,Online Sale,Sales,Income,75799.0
1779,2025-08-15,Service Revenue,Sales,Income,53877.0
1780,2025-08-15,Office Rent,Salaries,Expense,4192.0
1781,2025-08-15,Service Revenue,Sales,Income,42276.0
1782,2025-08-15,Inventory Purchase,Office,Expense,33600.0
1783,2025-08-15,Inventory Purchase,Office,Expense,15347.0
1784,2025-08-15,Marketing Campaign,Office,Expense,15007.0
1785,2025-08-15,Office Rent,Salaries,Expense,10463.0
1786,2025-08-16,Marketing Campaign,Travel,Expense,6606.0
1787,2025-08-16,Office Rent,Utilities,Expense,7833.0
1788,2025-08-16,Marketing Campaign,Inventory,Expense,32413.0
1789,2025-08-16,Product Sale,Sales,Income,71133.0
1790,2025-08-16,Employee Salary,Utilities,Expense,30315.0
1791,2025-08-16,Product Sale,Sales,Income,11256.0
1792,2025-08-16,Marketing Campaign,Office,Expense,25882.0
1793,2025-08-16,Software Subscription,Salaries,Expense,1564.0
1794,2025-08-17,Travel Expense,Utilities,Expense,7320.0
1795,2025-08-17,Online Sale,Sales,Income,47367.0
1796,2025-08-17,Product Sale,Sales,Income,75382.0
1797,2025-08-17,Software Subscription,Marketing,Expense,18384.0
1798,2025-08-17,Customer Payment,Sales,Income,30570.0
1799,2025-08-17,Service Revenue,Sales,Income,35255.0
1800,2025-08-17,Online Sale,Sales,Income,26182.0
1801,2025-08-18,Employee Salary,Inventory,Expense,18749.0
1802,2025-08-18,Travel Expense,Marketing,Expense,10097.0
1803,2025-08-18,Service Revenue,Sales,Income,67619.0
1804,2025-08-18,Online Sale,Sales,Income,21043.0
1805,2025-08-18,Online Sale,Sales,Income,50532.0
1806,2025-08-18,Office Supplies,Marketing,Expense,7108.0
1807,2025-08-18,Marketing Campaign,Office,Expense,33615.0
1808,2025-08-18,Product Sale,Sales,Income,15416.0
1809,2025-08-19,Online Sale,Sales,Income,8412.0
1810,2025-08-19,Service Revenue,Sales,Income,29406.0
1811,2025-08-19,Office Supplies,Travel,Expense,4021.0
1812,2025-08-19,Software Subscription,Marketing,Expense,1800.0
1813,2025-08-19,Customer Payment,Sales,Income,10752.0
1814,2025-08-19,Online Sale,Sales,Income,6353.0
1815,2025-08-19,Service Revenue,Sales,Income,31986.0
1816,2025-08-19,Electricity Bill,Travel,Expense,12725.0
1817,2025-08-20,Service Revenue,Sales,Income,74847.0
1818,2025-08-20,Travel Expense,Software,Expense,21717.0
1819,2025-08-20,Marketing Campaign,Travel,Expense,15255.0
1820,2025-08-20,Customer Payment,Sales,Income,73470.0
1821,2025-08-20,Online Sale,Sales,Income,21406.0
1822,2025-08-20,Online Sale,Sales,Income,31872.0
1823,2025-08-20,Software Subscription,Office,Expense,20374.0
1824,2025-08-20,Office Rent,Office,Expense,8425.0
1825,2025-08-21,Office Supplies,Travel,Expense,3607.0
1826,2025-08-21,Electricity Bill,Inventory,Expense,21352.0
1827,2025-08-21,Customer Payment,Sales,Income,26352.0
1828,2025-08-21,Travel Expense,Utilities,Expense,28117.0
1829,2025-08-21,Software Subscription,Inventory,Expense,9222.0
1830,2025-08-21,Product Sale,Sales,Income,23482.0
1831,2025-08-21,Inventory Purchase,Salaries,Expense,32122.0
1832,2025-08-21,Electricity Bill,Office,Expense,8383.0
1833,2025-08-22,Marketing Campaign,Office,Expense,20208.0
1834,2025-08-22,Employee Salary,Marketing,Expense,17697.0
1835,2025-08-22,Office Rent,Software,Expense,21634.0
1836,2025-08-22,Software Subscription,Marketing,Expense,34050.0
1837,2025-08-22,Online Sale,Sales,Income,77227.0
1838,2025-08-22,Online Sale,Sales,Income,64321.0
1839,2025-08-22,Software Subscription,Marketing,Expense,32743.0
1840,2025-08-22,Product Sale,Sales,Income,25389.0
1841,2025-08-23,Customer Payment,Sales,Income,36498.0
1842,2025-08-23,Service Revenue,Sales,Income,68755.0
1843,2025-08-23,Service Revenue,Sales,Income,40825.0
1844,2025-08-23,Inventory Purchase,Software,Expense,5507.0
1845,2025-08-23,Office Rent,Travel,Expense,20935.0
1846,2025-08-23,Service Revenue,Sales,Income,43179.0
1847,2025-08-23,Customer Payment,Sales,Income,6587.0
1848,2025-08-23,Service Revenue,Sales,Income,47782.0
1849,2025-08-24,Marketing Campaign,Utilities,Expense,13199.0
1850,2025-08-24,Office Rent,Salaries,Expense,1876.0
1851,2025-08-24,Online Sale,Sales,Income,9409.0
1852,2025-08-24,Travel Expense,Salaries,Expense,14147.0
1853,2025-08-24,Travel Expense,Software,Expense,8663.0
1854,2025-08-24,Inventory Purchase,Inventory,Expense,6943.0
1855,2025-08-24,Employee Salary,Software,Expense,13824.0
1856,2025-08-25,Online Sale,Sales,Income,66416.0
1857,2025-08-25,Electricity Bill,Software,Expense,5420.0
1858,2025-08-25,Marketing Campaign,Office,Expense,17875.0
1859,2025-08-25,Office Rent,Salaries,Expense,12248.0
1860,2025-08-25,Travel Expense,Marketing,Expense,29035.0
1861,2025-08-25,Employee Salary,Marketing,Expense,16215.0
1862,2025-08-25,Electricity Bill,Utilities,Expense,6950.0
1863,2025-08-25,Product Sale,Sales,Income,55231.0
1864,2025-08-26,Office Rent,Travel,Expense,520.0
1865,2025-08-26,Electricity Bill,Software,Expense,15217.0
1866,2025-08-26,Software Subscription,Office,Expense,10164.0
1867,2025-08-26,Service Revenue,Sales,Income,75793.0
1868,2025-08-26,Online Sale,Sales,Income,51501.0
1869,2025-08-26,Customer Payment,Sales,Income,62134.0
1870,2025-08-26,Software Subscription,Office,Expense,20297.0
1871,2025-08-26,Office Supplies,Utilities,Expense,11307.0
1872,2025-08-27,Customer Payment,Sales,Income,26390.0
1873,2025-08-27,Electricity Bill,Office,Expense,6902.0
1874,2025-08-27,Marketing Campaign,Inventory,Expense,5021.0
1875,2025-08-27,Electricity Bill,Salaries,Expense,8882.0
1876,2025-08-27,Travel Expense,Salaries,Expense,15565.0
1877,2025-08-27,Inventory Purchase,Office,Expense,20434.0
1878,2025-08-27,Office Rent,Software,Expense,14925.0
1879,2025-08-27,Service Revenue,Sales,Income,68620.0
1880,2025-08-28,Office Supplies,Salaries,Expense,16010.0
1881,2025-08-28,Marketing Campaign,Salaries,Expense,9316.0
1882,2025-08-28,Office Rent,Office,Expense,12817.0
1883,2025-08-28,Office Supplies,Utilities,Expense,2675.0
1884,2025-08-28,Electricity Bill,Salaries,Expense,11841.0
1885,2025-08-28,Service Revenue,Sales,Income,7196.0
1886,2025-08-28,Employee Salary,Travel,Expense,22108.0
1887,2025-08-28,Service Revenue,Sales,Income,16345.0
1888,2025-08-29,Online Sale,Sales,Income,39077.0
1889,2025-08-29,Office Supplies,Utilities,Expense,3858.0
1890,2025-08-29,Office Supplies,Software,Expense,19322.0
1891,2025-08-29,Customer Payment,Sales,Income,49484.0
1892,2025-08-29,Service Revenue,Sales,Income,40771.0
1893,2025-08-29,Inventory Purchase,Utilities,Expense,17055.0
1894,2025-08-29,Product Sale,Sales,Income,51540.0
1895,2025-08-29,Employee Salary,Office,Expense,4563.0
1896,2025-08-30,Marketing Campaign,Inventory,Expense,9144.0
1897,2025-08-30,Inventory Purchase,Software,Expense,8642.0
1898,2025-08-30,Customer Payment,Sales,Income,16760.0
1899,2025-08-30,Product Sale,Sales,Income,30762.0
1900,2025-08-30,Travel Expense,Utilities,Expense,12064.0
1901,2025-08-30,Software Subscription,Office,Expense,5604.0
1902,2025-08-30,Service Revenue,Sales,Income,45100.0
1903,2025-08-30,Office Rent,Utilities,Expense,13921.0
1904,2025-08-31,Customer Payment,Sales,Income,53825.0
1905,2025-08-31,Employee Salary,Salaries,Expense,11702.0
1906,2025-08-31,Product Sale,Sales,Income,34990.0
1907,2025-08-31,Electricity Bill,Inventory,Expense,25161.0
1908,2025-08-31,Service Revenue,Sales,Income,8258.0
1909,2025-08-31,Online Sale,Sales,Income,36629.0
1910,2025-08-31,Product Sale,Sales,Income,42579.0
1911,2025-09-01,Service Revenue,Sales,Income,27958.0
1912,2025-09-01,Marketing Campaign,Marketing,Expense,25075.0
1913,2025-09-01,Electricity Bill,Utilities,Expense,14388.0
1914,2025-09-01,Online Sale,Sales,Income,39207.0
1915,2025-09-01,Product Sale,Sales,Income,27553.0
1916,2025-09-01,Software Subscription,Salaries,Expense,23521.0
1917,2025-09-01,Software Subscription,Marketing,Expense,9949.0
1918,2025-09-01,Electricity Bill,Salaries,Expense,16157.0
1919,2025-09-02,Product Sale,Sales,Income,71205.0
1920,2025-09-02,Online Sale,Sales,Income,30318.0
1921,2025-09-02,Travel Expense,Marketing,Expense,6844.0
1922,2025-09-02,Customer Payment,Sales,Income,23522.0
1923,2025-09-02,Marketing Campaign,Software,Expense,34706.0
1924,2025-09-02,Customer Payment,Sales,Income,20893.0
1925,2025-09-02,Travel Expense,Office,Expense,25050.0
1926,2025-09-02,Product Sale,Sales,Income,8632.0
1927,2025-09-03,Software Subscription,Salaries,Expense,22861.0
1928,2025-09-03,Travel Expense,Software,Expense,14203.0
1929,2025-09-03,Marketing Campaign,Inventory,Expense,19142.0
1930,2025-09-03,Customer Payment,Sales,Income,66607.0
1931,2025-09-03,Marketing Campaign,Marketing,Expense,15914.0
1932,2025-09-03,Employee Salary,Travel,Expense,14829.0
1933,2025-09-03,Office Rent,Utilities,Expense,23331.0
1934,2025-09-03,Inventory Purchase,Inventory,Expense,8088.0
1935,2025-09-04,Office Supplies,Marketing,Expense,1403.0
1936,2025-09-04,Office Rent,Marketing,Expense,18110.0
1937,2025-09-04,Customer Payment,Sales,Income,21682.0
1938,2025-09-04,Inventory Purchase,Utilities,Expense,33957.0
1939,2025-09-04,Office Rent,Software,Expense,22027.0
1940,2025-09-04,Online Sale,Sales,Income,13837.0
1941,2025-09-04,Online Sale,Sales,Income,69210.0
1942,2025-09-04,Online Sale,Sales,Income,20407.0
1943,2025-09-05,Electricity Bill,Office,Expense,29202.0
1944,2025-09-05,Employee Salary,Travel,Expense,20665.0
1945,2025-09-05,Marketing Campaign,Software,Expense,9131.0
1946,2025-09-05,Employee Salary,Office,Expense,22352.0
1947,2025-09-05,Product Sale,Sales,Income,5486.0
1948,2025-09-05,Product Sale,Sales,Income,28762.0
1949,2025-09-05,Product Sale,Sales,Income,31613.0
1950,2025-09-05,Customer Payment,Sales,Income,8196.0
1951,2025-09-06,Online Sale,Sales,Income,69839.0
1952,2025-09-06,Online Sale,Sales,Income,46916.0
1953,2025-09-06,Electricity Bill,Salaries,Expense,6756.0
1954,2025-09-06,Employee Salary,Travel,Expense,28932.0
1955,2025-09-06,Software Subscription,Office,Expense,8867.0
1956,2025-09-06,Marketing Campaign,Inventory,Expense,26011.0
1957,2025-09-06,Software Subscription,Marketing,Expense,9073.0
1958,2025-09-06,Product Sale,Sales,Income,77379.0
1959,2025-09-07,Office Supplies,Travel,Expense,5878.0
1960,2025-09-07,Office Rent,Software,Expense,14000.0
1961,2025-09-07,Online Sale,Sales,Income,48209.0
1962,2025-09-07,Service Revenue,Sales,Income,47487.0
1963,2025-09-07,Office Rent,Utilities,Expense,5197.0
1964,2025-09-07,Customer Payment,Sales,Income,71961.0
1965,2025-09-07,Marketing Campaign,Marketing,Expense,8433.0
1966,2025-09-07,Travel Expense,Inventory,Expense,18349.0
1967,2025-09-08,Customer Payment,Sales,Income,11849.0
1968,2025-09-08,Service Revenue,Sales,Income,23976.0
1969,2025-09-08,Product Sale,Sales,Income,61866.0
1970,2025-09-08,Service Revenue,Sales,Income,52078.0
1971,2025-09-08,Online Sale,Sales,Income,36113.0
1972,2025-09-08,Electricity Bill,Salaries,Expense,5044.0
1973,2025-09-08,Online Sale,Sales,Income,17884.0
1974,2025-09-09,Employee Salary,Marketing,Expense,6574.0
1975,2025-09-09,Product Sale,Sales,Income,39414.0
1976,2025-09-09,Travel Expense,Travel,Expense,25944.0
1977,2025-09-09,Product Sale,Sales,Income,76492.0
1978,2025-09-09,Product Sale,Sales,Income,40135.0
1979,2025-09-09,Software Subscription,Office,Expense,25289.0
1980,2025-09-09,Employee Salary,Inventory,Expense,2117.0
1981,2025-09-09,Customer Payment,Sales,Income,10190.0
1982,2025-09-10,Travel Expense,Office,Expense,22652.0
1983,2025-09-10,Electricity Bill,Utilities,Expense,24591.0
1984,2025-09-10,Office Supplies,Software,Expense,1011.0
1985,2025-09-10,Customer Payment,Sales,Income,49648.0
1986,2025-09-10,Customer Payment,Sales,Income,33549.0
1987,2025-09-10,Employee Salary,Salaries,Expense,32286.0
1988,2025-09-10,Employee Salary,Inventory,Expense,9320.0
1989,2025-09-10,Service Revenue,Sales,Income,56259.0
1990,2025-09-11,Office Supplies,Travel,Expense,2225.0
1991,2025-09-11,Office Supplies,Inventory,Expense,18977.0
1992,2025-09-11,Product Sale,Sales,Income,9677.0
1993,2025-09-11,Employee Salary,Salaries,Expense,8996.0
1994,2025-09-11,Customer Payment,Sales,Income,55617.0
1995,2025-09-11,Office Supplies,Office,Expense,10972.0
1996,2025-09-11,Travel Expense,Salaries,Expense,21224.0
1997,2025-09-11,Office Rent,Office,Expense,30916.0
1998,2025-09-12,Online Sale,Sales,Income,39457.0
1999,2025-09-12,Service Revenue,Sales,Income,47531.0
2000,2025-09-12,Customer Payment,Sales,Income,78263.0
2001,2025-09-12,Customer Payment,Sales,Income,78300.0
2002,2025-09-12,Service Revenue,Sales,Income,68171.0
2003,2025-09-12,Employee Salary,Utilities,Expense,19859.0
2004,2025-09-12,Customer Payment,Sales,Income,71354.0
2005,2025-09-12,Online Sale,Sales,Income,42289.0
2006,2025-09-13,Employee Salary,Utilities,Expense,28027.0
2007,2025-09-13,Service Revenue,Sales,Income,76196.0
2008,2025-09-13,Office Supplies,Inventory,Expense,29446.0
2009,2025-09-13,Product Sale,Sales,Income,39470.0
2010,2025-09-13,Employee Salary,Software,Expense,19778.0
2011,2025-09-13,Online Sale,Sales,Income,28296.0
2012,2025-09-13,Service Revenue,Sales,Income,66716.0
2013,2025-09-13,Electricity Bill,Office,Expense,16297.0
2014,2025-09-14,Online Sale,Sales,Income,27419.0
2015,2025-09-14,Electricity Bill,Travel,Expense,31458.0
2016,2025-09-14,Online Sale,Sales,Income,17397.0
2017,2025-09-14,Customer Payment,Sales,Income,62888.0
2018,2025-09-14,Travel Expense,Office,Expense,17642.0
2019,2025-09-14,Online Sale,Sales,Income,67182.0
2020,2025-09-14,Employee Salary,Travel,Expense,26390.0
2021,2025-09-14,Employee Salary,Salaries,Expense,29378.0
2022,2025-09-15,Marketing Campaign,Software,Expense,14806.0
2023,2025-09-15,Inventory Purchase,Office,Expense,12385.0
2024,2025-09-15,Product Sale,Sales,Income,18444.0
2025,2025-09-15,Customer Payment,Sales,Income,50647.0
2026,2025-09-15,Service Revenue,Sales,Income,15974.0
2027,2025-09-15,Office Supplies,Marketing,Expense,24411.0
2028,2025-09-15,Software Subscription,Marketing,Expense,4883.0
2029,2025-09-16,Product Sale,Sales,Income,13077.0
2030,2025-09-16,Marketing Campaign,Utilities,Expense,34861.0
2031,2025-09-16,Customer Payment,Sales,Income,60612.0
2032,2025-09-16,Electricity Bill,Utilities,Expense,30021.0
2033,2025-09-16,Electricity Bill,Salaries,Expense,21029.0
2034,2025-09-16,Travel Expense,Travel,Expense,23591.0
2035,2025-09-16,Office Rent,Salaries,Expense,31881.0
2036,2025-09-16,Online Sale,Sales,Income,40524.0
2037,2025-09-17,Product Sale,Sales,Income,11853.0
2038,2025-09-17,Service Revenue,Sales,Income,45477.0
2039,2025-09-17,Online Sale,Sales,Income,37222.0
2040,2025-09-17,Online Sale,Sales,Income,23320.0
2041,2025-09-17,Inventory Purchase,Office,Expense,15996.0
2042,2025-09-17,Marketing Campaign,Inventory,Expense,3428.0
2043,2025-09-17,Employee Salary,Office,Expense,31132.0
2044,2025-09-17,Online Sale,Sales,Income,77833.0
2045,2025-09-18,Office Supplies,Travel,Expense,9780.0
2046,2025-09-18,Electricity Bill,Marketing,Expense,22135.0
2047,2025-09-18,Service Revenue,Sales,Income,42941.0
2048,2025-09-18,Travel Expense,Utilities,Expense,5463.0
2049,2025-09-18,Employee Salary,Inventory,Expense,28021.0
2050,2025-09-18,Service Revenue,Sales,Income,46941.0
2051,2025-09-18,Electricity Bill,Office,Expense,22195.0
2052,2025-09-18,Software Subscription,Inventory,Expense,9857.0
2053,2025-09-19,Service Revenue,Sales,Income,5801.0
2054,2025-09-19,Electricity Bill,Software,Expense,18909.0
2055,2025-09-19,Electricity Bill,Inventory,Expense,1487.0
2056,2025-09-19,Inventory Purchase,Software,Expense,2465.0
2057,2025-09-19,Travel Expense,Travel,Expense,31818.0
2058,2025-09-19,Service Revenue,Sales,Income,30705.0
2059,2025-09-19,Marketing Campaign,Travel,Expense,29691.0
2060,2025-09-19,Office Supplies,Inventory,Expense,1368.0
2061,2025-09-20,Online Sale,Sales,Income,35720.0
2062,2025-09-20,Inventory Purchase,Travel,Expense,28805.0
2063,2025-09-20,Employee Salary,Software,Expense,23140.0
2064,2025-09-20,Office Rent,Software,Expense,18818.0
2065,2025-09-20,Customer Payment,Sales,Income,61235.0
2066,2025-09-20,Electricity Bill,Salaries,Expense,34344.0
2067,2025-09-20,Online Sale,Sales,Income,41169.0
2068,2025-09-20,Customer Payment,Sales,Income,51404.0
2069,2025-09-21,Product Sale,Sales,Income,24569.0
2070,2025-09-21,Product Sale,Sales,Income,59437.0
2071,2025-09-21,Employee Salary,Marketing,Expense,6885.0
2072,2025-09-21,Office Supplies,Office,Expense,8722.0
2073,2025-09-21,Online Sale,Sales,Income,11772.0
2074,2025-09-21,Travel Expense,Salaries,Expense,5862.0
2075,2025-09-21,Employee Salary,Office,Expense,34218.0
2076,2025-09-21,Office Rent,Marketing,Expense,8750.0
2077,2025-09-22,Customer Payment,Sales,Income,59097.0
2078,2025-09-22,Employee Salary,Marketing,Expense,15553.0
2079,2025-09-22,Travel Expense,Salaries,Expense,27926.0
2080,2025-09-22,Travel Expense,Inventory,Expense,25392.0
2081,2025-09-22,Product Sale,Sales,Income,56644.0
2082,2025-09-22,Service Revenue,Sales,Income,37069.0
2083,2025-09-22,Office Supplies,Utilities,Expense,14741.0
2084,2025-09-23,Office Supplies,Office,Expense,24402.0
2085,2025-09-23,Travel Expense,Marketing,Expense,25006.0
2086,2025-09-23,Inventory Purchase,Travel,Expense,18062.0
2087,2025-09-23,Service Revenue,Sales,Income,23706.0
2088,2025-09-23,Marketing Campaign,Salaries,Expense,13565.0
2089,2025-09-23,Software Subscription,Travel,Expense,33795.0
2090,2025-09-23,Product Sale,Sales,Income,51910.0
2091,2025-09-23,Travel Expense,Marketing,Expense,9790.0
2092,2025-09-24,Electricity Bill,Inventory,Expense,711.0
2093,2025-09-24,Online Sale,Sales,Income,45088.0
2094,2025-09-24,Office Rent,Utilities,Expense,19572.0
2095,2025-09-24,Product Sale,Sales,Income,43015.0
2096,2025-09-24,Travel Expense,Inventory,Expense,15615.0
2097,2025-09-24,Office Rent,Inventory,Expense,5649.0
2098,2025-09-24,Electricity Bill,Salaries,Expense,18216.0
2099,2025-09-24,Office Supplies,Marketing,Expense,32688.0
2100,2025-09-25,Online Sale,Sales,Income,68001.0
2101,2025-09-25,Travel Expense,Travel,Expense,7320.0
2102,2025-09-25,Electricity Bill,Software,Expense,30899.0
2103,2025-09-25,Customer Payment,Sales,Income,45931.0
2104,2025-09-25,Electricity Bill,Utilities,Expense,29250.0
2105,2025-09-25,Office Rent,Inventory,Expense,26574.0
2106,2025-09-25,Online Sale,Sales,Income,14921.0
2107,2025-09-25,Office Supplies,Inventory,Expense,17506.0
2108,2025-09-26,Office Rent,Marketing,Expense,10171.0
2109,2025-09-26,Online Sale,Sales,Income,13859.0
2110,2025-09-26,Office Supplies,Salaries,Expense,26693.0
2111,2025-09-26,Customer Payment,Sales,Income,31708.0
2112,2025-09-26,Service Revenue,Sales,Income,23847.0
2113,2025-09-26,Online Sale,Sales,Income,60989.0
2114,2025-09-26,Inventory Purchase,Office,Expense,886.0
2115,2025-09-26,Inventory Purchase,Utilities,Expense,2134.0
2116,2025-09-27,Product Sale,Sales,Income,57335.0
2117,2025-09-27,Customer Payment,Sales,Income,18541.0
2118,2025-09-27,Employee Salary,Utilities,Expense,25316.0
2119,2025-09-27,Product Sale,Sales,Income,24381.0
2120,2025-09-27,Employee Salary,Software,Expense,6267.0
2121,2025-09-27,Electricity Bill,Salaries,Expense,18883.0
2122,2025-09-27,Travel Expense,Inventory,Expense,5401.0
2123,2025-09-27,Office Rent,Salaries,Expense,15133.0
2124,2025-09-28,Product Sale,Sales,Income,7486.0
2125,2025-09-28,Software Subscription,Marketing,Expense,11207.0
2126,2025-09-28,Electricity Bill,Office,Expense,23076.0
2127,2025-09-28,Travel Expense,Office,Expense,18561.0
2128,2025-09-28,Service Revenue,Sales,Income,72853.0
2129,2025-09-28,Employee Salary,Travel,Expense,15615.0
2130,2025-09-28,Service Revenue,Sales,Income,20916.0
2131,2025-09-28,Online Sale,Sales,Income,20248.0
2132,2025-09-29,Service Revenue,Sales,Income,73047.0
2133,2025-09-29,Marketing Campaign,Inventory,Expense,11133.0
2134,2025-09-29,Inventory Purchase,Marketing,Expense,1094.0
2135,2025-09-29,Travel Expense,Office,Expense,14893.0
2136,2025-09-29,Office Supplies,Salaries,Expense,23243.0
2137,2025-09-29,Customer Payment,Sales,Income,19274.0
2138,2025-09-29,Electricity Bill,Software,Expense,5361.0
2139,2025-09-30,Product Sale,Sales,Income,40233.0
2140,2025-09-30,Office Supplies,Inventory,Expense,26677.0
2141,2025-09-30,Marketing Campaign,Marketing,Expense,34182.0
2142,2025-09-30,Office Rent,Office,Expense,18728.0
2143,2025-09-30,Inventory Purchase,Travel,Expense,24509.0
2144,2025-09-30,Service Revenue,Sales,Income,14425.0
2145,2025-09-30,Office Supplies,Travel,Expense,15600.0
2146,2025-09-30,Employee Salary,Office,Expense,33417.0
2147,2025-10-01,Employee Salary,Utilities,Expense,17930.0
2148,2025-10-01,Customer Payment,Sales,Income,21091.0
2149,2025-10-01,Office Rent,Travel,Expense,31629.0
2150,2025-10-01,Office Supplies,Utilities,Expense,21360.0
2151,2025-10-01,Service Revenue,Sales,Income,45958.0
2152,2025-10-01,Customer Payment,Sales,Income,25707.0
2153,2025-10-01,Inventory Purchase,Travel,Expense,8986.0
2154,2025-10-01,Marketing Campaign,Software,Expense,18027.0
2155,2025-10-02,Online Sale,Sales,Income,56720.0
2156,2025-10-02,Customer Payment,Sales,Income,20037.0
2157,2025-10-02,Service Revenue,Sales,Income,72421.0
2158,2025-10-02,Customer Payment,Sales,Income,45612.0
2159,2025-10-02,Software Subscription,Marketing,Expense,8570.0
2160,2025-10-02,Travel Expense,Inventory,Expense,1820.0
2161,2025-10-02,Marketing Campaign,Software,Expense,24007.0
2162,2025-10-02,Marketing Campaign,Software,Expense,7089.0
2163,2025-10-03,Service Revenue,Sales,Income,33314.0
2164,2025-10-03,Office Rent,Marketing,Expense,16089.0
2165,2025-10-03,Office Supplies,Software,Expense,33668.0
2166,2025-10-03,Software Subscription,Inventory,Expense,27232.0
2167,2025-10-03,Inventory Purchase,Salaries,Expense,32011.0
2168,2025-10-03,Online Sale,Sales,Income,79163.0
2169,2025-10-03,Office Rent,Salaries,Expense,31482.0
2170,2025-10-03,Product Sale,Sales,Income,44419.0
2171,2025-10-04,Software Subscription,Inventory,Expense,29014.0
2172,2025-10-04,Online Sale,Sales,Income,33876.0
2173,2025-10-04,Online Sale,Sales,Income,24971.0
2174,2025-10-04,Marketing Campaign,Salaries,Expense,10998.0
2175,2025-10-04,Service Revenue,Sales,Income,54228.0
2176,2025-10-04,Software Subscription,Software,Expense,16430.0
2177,2025-10-04,Online Sale,Sales,Income,33261.0
2178,2025-10-04,Office Supplies,Marketing,Expense,30036.0
2179,2025-10-05,Inventory Purchase,Software,Expense,24752.0
2180,2025-10-05,Employee Salary,Office,Expense,24503.0
2181,2025-10-05,Online Sale,Sales,Income,57300.0
2182,2025-10-05,Service Revenue,Sales,Income,16340.0
2183,2025-10-05,Online Sale,Sales,Income,38012.0
2184,2025-10-05,Service Revenue,Sales,Income,40393.0
2185,2025-10-05,Office Rent,Office,Expense,7621.0
2186,2025-10-05,Electricity Bill,Marketing,Expense,10340.0
2187,2025-10-06,Travel Expense,Software,Expense,9961.0
2188,2025-10-06,Electricity Bill,Office,Expense,21427.0
2189,2025-10-06,Inventory Purchase,Utilities,Expense,24898.0
2190,2025-10-06,Office Supplies,Office,Expense,33586.0
2191,2025-10-06,Online Sale,Sales,Income,40167.0
2192,2025-10-06,Electricity Bill,Marketing,Expense,16291.0
2193,2025-10-06,Electricity Bill,Salaries,Expense,14872.0
2194,2025-10-07,Office Rent,Software,Expense,27854.0
2195,2025-10-07,Customer Payment,Sales,Income,41142.0
2196,2025-10-07,Product Sale,Sales,Income,50679.0
2197,2025-10-07,Travel Expense,Marketing,Expense,25905.0
2198,2025-10-07,Office Rent,Salaries,Expense,24203.0
2199,2025-10-07,Employee Salary,Utilities,Expense,15734.0
2200,2025-10-07,Service Revenue,Sales,Income,75658.0
2201,2025-10-07,Travel Expense,Marketing,Expense,7403.0
2202,2025-10-08,Customer Payment,Sales,Income,10387.0
2203,2025-10-08,Customer Payment,Sales,Income,44994.0
2204,2025-10-08,Product Sale,Sales,Income,38725.0
2205,2025-10-08,Marketing Campaign,Marketing,Expense,20042.0
2206,2025-10-08,Marketing Campaign,Travel,Expense,32794.0
2207,2025-10-08,Customer Payment,Sales,Income,61565.0
2208,2025-10-08,Inventory Purchase,Utilities,Expense,24295.0
2209,2025-10-08,Product Sale,Sales,Income,23205.0
2210,2025-10-09,Office Supplies,Utilities,Expense,10931.0
2211,2025-10-09,Employee Salary,Travel,Expense,10631.0
2212,2025-10-09,Travel Expense,Travel,Expense,24591.0
2213,2025-10-09,Service Revenue,Sales,Income,40645.0
2214,2025-10-09,Marketing Campaign,Travel,Expense,24991.0
2215,2025-10-09,Employee Salary,Travel,Expense,5330.0
2216,2025-10-09,Service Revenue,Sales,Income,13749.0
2217,2025-10-09,Marketing Campaign,Utilities,Expense,7834.0
2218,2025-10-10,Customer Payment,Sales,Income,65645.0
2219,2025-10-10,Office Supplies,Utilities,Expense,17532.0
2220,2025-10-10,Customer Payment,Sales,Income,67709.0
2221,2025-10-10,Office Supplies,Utilities,Expense,516.0
2222,2025-10-10,Software Subscription,Office,Expense,8808.0
2223,2025-10-10,Product Sale,Sales,Income,69222.0
2224,2025-10-10,Customer Payment,Sales,Income,39493.0
2225,2025-10-10,Product Sale,Sales,Income,63328.0
2226,2025-10-11,Office Rent,Salaries,Expense,16062.0
2227,2025-10-11,Online Sale,Sales,Income,51930.0
2228,2025-10-11,Office Rent,Marketing,Expense,5442.0
2229,2025-10-11,Online Sale,Sales,Income,77723.0
2230,2025-10-11,Customer Payment,Sales,Income,37583.0
2231,2025-10-11,Travel Expense,Software,Expense,23904.0
2232,2025-10-11,Product Sale,Sales,Income,52928.0
2233,2025-10-11,Software Subscription,Software,Expense,6202.0
2234,2025-10-12,Employee Salary,Utilities,Expense,8847.0
2235,2025-10-12,Travel Expense,Inventory,Expense,25540.0
2236,2025-10-12,Software Subscription,Office,Expense,23042.0
2237,2025-10-12,Inventory Purchase,Software,Expense,8808.0
2238,2025-10-12,Online Sale,Sales,Income,19963.0
2239,2025-10-12,Service Revenue,Sales,Income,32328.0
2240,2025-10-12,Customer Payment,Sales,Income,26605.0
2241,2025-10-12,Inventory Purchase,Travel,Expense,4903.0
2242,2025-10-13,Product Sale,Sales,Income,51371.0
2243,2025-10-13,Software Subscription,Software,Expense,29393.0
2244,2025-10-13,Office Supplies,Software,Expense,9888.0
2245,2025-10-13,Electricity Bill,Utilities,Expense,24208.0
2246,2025-10-13,Travel Expense,Inventory,Expense,25226.0
2247,2025-10-13,Customer Payment,Sales,Income,41912.0
2248,2025-10-13,Employee Salary,Office,Expense,611.0
2249,2025-10-14,Electricity Bill,Marketing,Expense,18045.0
2250,2025-10-14,Service Revenue,Sales,Income,67784.0
2251,2025-10-14,Service Revenue,Sales,Income,54882.0
2252,2025-10-14,Office Supplies,Marketing,Expense,22310.0
2253,2025-10-14,Marketing Campaign,Utilities,Expense,18309.0
2254,2025-10-14,Software Subscription,Utilities,Expense,8969.0
2255,2025-10-14,Office Rent,Software,Expense,28467.0
2256,2025-10-14,Inventory Purchase,Utilities,Expense,10248.0
2257,2025-10-15,Marketing Campaign,Office,Expense,23924.0
2258,2025-10-15,Product Sale,Sales,Income,42134.0
2259,2025-10-15,Service Revenue,Sales,Income,72042.0
2260,2025-10-15,Customer Payment,Sales,Income,56310.0
2261,2025-10-15,Marketing Campaign,Inventory,Expense,13442.0
2262,2025-10-15,Marketing Campaign,Software,Expense,19991.0
2263,2025-10-15,Office Rent,Marketing,Expense,5033.0
2264,2025-10-15,Online Sale,Sales,Income,74672.0
2265,2025-10-16,Marketing Campaign,Travel,Expense,28321.0
2266,2025-10-16,Travel Expense,Salaries,Expense,30761.0
2267,2025-10-16,Inventory Purchase,Software,Expense,30445.0
2268,2025-10-16,Office Supplies,Inventory,Expense,17884.0
2269,2025-10-16,Product Sale,Sales,Income,76688.0
2270,2025-10-16,Office Rent,Marketing,Expense,12698.0
2271,2025-10-16,Service Revenue,Sales,Income,67363.0
2272,2025-10-16,Customer Payment,Sales,Income,16162.0
2273,2025-10-17,Software Subscription,Software,Expense,32409.0
2274,2025-10-17,Marketing Campaign,Salaries,Expense,4330.0
2275,2025-10-17,Software Subscription,Travel,Expense,21904.0
2276,2025-10-17,Software Subscription,Inventory,Expense,28257.0
2277,2025-10-17,Software Subscription,Software,Expense,34266.0
2278,2025-10-17,Electricity Bill,Office,Expense,16442.0
2279,2025-10-17,Inventory Purchase,Salaries,Expense,32919.0
2280,2025-10-17,Product Sale,Sales,Income,41558.0
2281,2025-10-18,Online Sale,Sales,Income,20659.0
2282,2025-10-18,Product Sale,Sales,Income,39413.0
2283,2025-10-18,Marketing Campaign,Salaries,Expense,3565.0
2284,2025-10-18,Customer Payment,Sales,Income,58911.0
2285,2025-10-18,Service Revenue,Sales,Income,33067.0
2286,2025-10-18,Service Revenue,Sales,Income,74224.0
2287,2025-10-18,Office Rent,Salaries,Expense,29202.0
2288,2025-10-18,Product Sale,Sales,Income,6379.0
2289,2025-10-19,Office Rent,Software,Expense,10533.0
2290,2025-10-19,Service Revenue,Sales,Income,62745.0
2291,2025-10-19,Software Subscription,Office,Expense,17329.0
2292,2025-10-19,Customer Payment,Sales,Income,17516.0
2293,2025-10-19,Product Sale,Sales,Income,29843.0
2294,2025-10-19,Electricity Bill,Office,Expense,27043.0
2295,2025-10-19,Online Sale,Sales,Income,26514.0
2296,2025-10-19,Customer Payment,Sales,Income,62032.0
2297,2025-10-20,Customer Payment,Sales,Income,33797.0
2298,2025-10-20,Online Sale,Sales,Income,11449.0
2299,2025-10-20,Customer Payment,Sales,Income,6725.0
2300,2025-10-20,Product Sale,Sales,Income,14304.0
2301,2025-10-20,Employee Salary,Software,Expense,7334.0
2302,2025-10-20,Travel Expense,Utilities,Expense,18679.0
2303,2025-10-20,Travel Expense,Utilities,Expense,26719.0
2304,2025-10-21,Service Revenue,Sales,Income,17676.0
2305,2025-10-21,Travel Expense,Utilities,Expense,16327.0
2306,2025-10-21,Service Revenue,Sales,Income,29722.0
2307,2025-10-21,Service Revenue,Sales,Income,12446.0
2308,2025-10-21,Software Subscription,Marketing,Expense,23831.0
2309,2025-10-21,Service Revenue,Sales,Income,62632.0
2310,2025-10-21,Product Sale,Sales,Income,71945.0
2311,2025-10-21,Software Subscription,Inventory,Expense,29031.0
2312,2025-10-22,Marketing Campaign,Inventory,Expense,33164.0
2313,2025-10-22,Employee Salary,Software,Expense,12920.0
2314,2025-10-22,Marketing Campaign,Office,Expense,5815.0
2315,2025-10-22,Employee Salary,Office,Expense,5881.0
2316,2025-10-22,Service Revenue,Sales,Income,55575.0
2317,2025-10-22,Service Revenue,Sales,Income,34902.0
2318,2025-10-22,Service Revenue,Sales,Income,6195.0
2319,2025-10-22,Customer Payment,Sales,Income,58517.0
2320,2025-10-23,Service Revenue,Sales,Income,39012.0
2321,2025-10-23,Electricity Bill,Marketing,Expense,25857.0
2322,2025-10-23,Marketing Campaign,Marketing,Expense,17450.0
2323,2025-10-23,Electricity Bill,Office,Expense,16252.0
2324,2025-10-23,Product Sale,Sales,Income,33743.0
2325,2025-10-23,Electricity Bill,Inventory,Expense,28776.0
2326,2025-10-23,Electricity Bill,Utilities,Expense,21051.0
2327,2025-10-23,Software Subscription,Travel,Expense,27475.0
2328,2025-10-24,Product Sale,Sales,Income,68190.0
2329,2025-10-24,Software Subscription,Marketing,Expense,9864.0
2330,2025-10-24,Customer Payment,Sales,Income,18275.0
2331,2025-10-24,Online Sale,Sales,Income,33182.0
2332,2025-10-24,Product Sale,Sales,Income,19915.0
2333,2025-10-24,Electricity Bill,Marketing,Expense,29392.0
2334,2025-10-24,Office Supplies,Salaries,Expense,10541.0
2335,2025-10-24,Online Sale,Sales,Income,27620.0
2336,2025-10-25,Service Revenue,Sales,Income,39112.0
2337,2025-10-25,Office Supplies,Utilities,Expense,11257.0
2338,2025-10-25,Customer Payment,Sales,Income,7431.0
2339,2025-10-25,Service Revenue,Sales,Income,67175.0
2340,2025-10-25,Customer Payment,Sales,Income,37624.0
2341,2025-10-25,Software Subscription,Travel,Expense,27615.0
2342,2025-10-25,Customer Payment,Sales,Income,36958.0
2343,2025-10-25,Online Sale,Sales,Income,6695.0
2344,2025-10-26,Service Revenue,Sales,Income,54932.0
2345,2025-10-26,Office Supplies,Software,Expense,33306.0
2346,2025-10-26,Software Subscription,Travel,Expense,18159.0
2347,2025-10-26,Travel Expense,Marketing,Expense,23953.0
2348,2025-10-26,Service Revenue,Sales,Income,43636.0
2349,2025-10-26,Office Supplies,Travel,Expense,5357.0
2350,2025-10-26,Product Sale,Sales,Income,70546.0
2351,2025-10-26,Office Rent,Travel,Expense,1936.0
2352,2025-10-27,Inventory Purchase,Software,Expense,28069.0
2353,2025-10-27,Software Subscription,Office,Expense,25449.0
2354,2025-10-27,Software Subscription,Office,Expense,8193.0
2355,2025-10-27,Office Supplies,Software,Expense,9805.0
2356,2025-10-27,Online Sale,Sales,Income,44963.0
2357,2025-10-27,Inventory Purchase,Travel,Expense,27802.0
2358,2025-10-27,Online Sale,Sales,Income,18739.0
2359,2025-10-27,Software Subscription,Travel,Expense,3623.0
2360,2025-10-28,Service Revenue,Sales,Income,53356.0
2361,2025-10-28,Product Sale,Sales,Income,6789.0
2362,2025-10-28,Service Revenue,Sales,Income,24420.0
2363,2025-10-28,Customer Payment,Sales,Income,42606.0
2364,2025-10-28,Office Rent,Salaries,Expense,10379.0
2365,2025-10-28,Software Subscription,Inventory,Expense,6043.0
2366,2025-10-28,Service Revenue,Sales,Income,42067.0
2367,2025-10-29,Service Revenue,Sales,Income,63420.0
2368,2025-10-29,Marketing Campaign,Travel,Expense,30776.0
2369,2025-10-29,Service Revenue,Sales,Income,44851.0
2370,2025-10-29,Office Supplies,Utilities,Expense,25591.0
2371,2025-10-29,Employee Salary,Inventory,Expense,28734.0
2372,2025-10-29,Employee Salary,Office,Expense,25105.0
2373,2025-10-29,Software Subscription,Office,Expense,32168.0
2374,2025-10-29,Online Sale,Sales,Income,12689.0
2375,2025-10-30,Marketing Campaign,Salaries,Expense,25186.0
2376,2025-10-30,Product Sale,Sales,Income,42412.0
2377,2025-10-30,Online Sale,Sales,Income,52734.0
2378,2025-10-30,Marketing Campaign,Inventory,Expense,16990.0
2379,2025-10-30,Online Sale,Sales,Income,27228.0
2380,2025-10-30,Travel Expense,Utilities,Expense,23694.0
2381,2025-10-30,Office Supplies,Software,Expense,5816.0
2382,2025-10-30,Software Subscription,Inventory,Expense,5193.0
2383,2025-10-31,Electricity Bill,Inventory,Expense,30454.0
2384,2025-10-31,Online Sale,Sales,Income,66756.0
2385,2025-10-31,Online Sale,Sales,Income,73775.0
2386,2025-10-31,Travel Expense,Salaries,Expense,15251.0
2387,2025-10-31,Service Revenue,Sales,Income,41821.0
2388,2025-10-31,Travel Expense,Marketing,Expense,3544.0
2389,2025-10-31,Employee Salary,Office,Expense,11980.0
2390,2025-10-31,Office Rent,Travel,Expense,1739.0
2391,2025-11-01,Service Revenue,Sales,Income,6245.0
2392,2025-11-01,Online Sale,Sales,Income,29853.0
2393,2025-11-01,Product Sale,Sales,Income,32632.0
2394,2025-11-01,Service Revenue,Sales,Income,17856.0
2395,2025-11-01,Office Rent,Travel,Expense,19923.0
2396,2025-11-01,Customer Payment,Sales,Income,75641.0
2397,2025-11-01,Product Sale,Sales,Income,73049.0
2398,2025-11-01,Product Sale,Sales,Income,63182.0
2399,2025-11-02,Office Rent,Office,Expense,27826.0
2400,2025-11-02,Software Subscription,Travel,Expense,31639.0
2401,2025-11-02,Product Sale,Sales,Income,78757.0
2402,2025-11-02,Online Sale,Sales,Income,60654.0
2403,2025-11-02,Service Revenue,Sales,Income,76574.0
2404,2025-11-02,Online Sale,Sales,Income,60381.0
2405,2025-11-02,Office Supplies,Utilities,Expense,4883.0
2406,2025-11-02,Office Supplies,Utilities,Expense,20820.0
2407,2025-11-03,Customer Payment,Sales,Income,19648.0
2408,2025-11-03,Service Revenue,Sales,Income,5364.0
2409,2025-11-03,Employee Salary,Office,Expense,30213.0
2410,2025-11-03,Electricity Bill,Utilities,Expense,17019.0
2411,2025-11-03,Inventory Purchase,Travel,Expense,2525.0
2412,2025-11-03,Service Revenue,Sales,Income,12436.0
2413,2025-11-03,Employee Salary,Salaries,Expense,19641.0
2414,2025-11-03,Customer Payment,Sales,Income,65194.0
2415,2025-11-04,Office Supplies,Software,Expense,4273.0
2416,2025-11-04,Electricity Bill,Travel,Expense,25456.0
2417,2025-11-04,Online Sale,Sales,Income,68295.0
2418,2025-11-04,Customer Payment,Sales,Income,17638.0
2419,2025-11-04,Online Sale,Sales,Income,70715.0
2420,2025-11-04,Customer Payment,Sales,Income,74409.0
2421,2025-11-04,Customer Payment,Sales,Income,22157.0
2422,2025-11-05,Customer Payment,Sales,Income,50565.0
2423,2025-11-05,Office Supplies,Marketing,Expense,10619.0
2424,2025-11-05,Electricity Bill,Office,Expense,10857.0
2425,2025-11-05,Customer Payment,Sales,Income,61095.0
2426,2025-11-05,Inventory Purchase,Marketing,Expense,22753.0
2427,2025-11-05,Service Revenue,Sales,Income,75880.0
2428,2025-11-05,Electricity Bill,Travel,Expense,5181.0
2429,2025-11-05,Customer Payment,Sales,Income,48988.0
2430,2025-11-06,Electricity Bill,Inventory,Expense,972.0
2431,2025-11-06,Office Rent,Salaries,Expense,33381.0
2432,2025-11-06,Inventory Purchase,Software,Expense,14190.0
2433,2025-11-06,Travel Expense,Marketing,Expense,26412.0
2434,2025-11-06,Product Sale,Sales,Income,9477.0
2435,2025-11-06,Inventory Purchase,Office,Expense,19169.0
2436,2025-11-06,Customer Payment,Sales,Income,11533.0
2437,2025-11-06,Online Sale,Sales,Income,54395.0
2438,2025-11-07,Online Sale,Sales,Income,28396.0
2439,2025-11-07,Employee Salary,Salaries,Expense,11332.0
2440,2025-11-07,Online Sale,Sales,Income,5865.0
2441,2025-11-07,Inventory Purchase,Marketing,Expense,30862.0
2442,2025-11-07,Electricity Bill,Marketing,Expense,15208.0
2443,2025-11-07,Electricity Bill,Travel,Expense,23938.0
2444,2025-11-07,Office Rent,Travel,Expense,17711.0
2445,2025-11-07,Customer Payment,Sales,Income,16254.0
2446,2025-11-08,Service Revenue,Sales,Income,9018.0
2447,2025-11-08,Product Sale,Sales,Income,10192.0
2448,2025-11-08,Customer Payment,Sales,Income,7015.0
2449,2025-11-08,Product Sale,Sales,Income,73916.0
2450,2025-11-08,Product Sale,Sales,Income,33343.0
2451,2025-11-08,Online Sale,Sales,Income,74306.0
2452,2025-11-08,Software Subscription,Software,Expense,25689.0
2453,2025-11-08,Office Rent,Marketing,Expense,25638.0
2454,2025-11-09,Online Sale,Sales,Income,23263.0
2455,2025-11-09,Electricity Bill,Utilities,Expense,14887.0
2456,2025-11-09,Customer Payment,Sales,Income,48306.0
2457,2025-11-09,Customer Payment,Sales,Income,63418.0
2458,2025-11-09,Office Supplies,Office,Expense,24694.0
2459,2025-11-09,Office Supplies,Office,Expense,22948.0
2460,2025-11-09,Service Revenue,Sales,Income,31745.0
2461,2025-11-09,Electricity Bill,Utilities,Expense,24028.0
2462,2025-11-10,Software Subscription,Utilities,Expense,29902.0
2463,2025-11-10,Office Rent,Office,Expense,4852.0
2464,2025-11-10,Employee Salary,Utilities,Expense,684.0
2465,2025-11-10,Travel Expense,Utilities,Expense,10884.0
2466,2025-11-10,Online Sale,Sales,Income,66521.0
2467,2025-11-10,Online Sale,Sales,Income,36075.0
2468,2025-11-10,Customer Payment,Sales,Income,35697.0
2469,2025-11-10,Employee Salary,Travel,Expense,8004.0
2470,2025-11-11,Inventory Purchase,Marketing,Expense,33868.0
2471,2025-11-11,Online Sale,Sales,Income,69555.0
2472,2025-11-11,Electricity Bill,Marketing,Expense,15185.0
2473,2025-11-11,Employee Salary,Utilities,Expense,9224.0
2474,2025-11-11,Software Subscription,Marketing,Expense,5584.0
2475,2025-11-11,Office Supplies,Salaries,Expense,17241.0
2476,2025-11-11,Office Supplies,Salaries,Expense,17261.0
2477,2025-11-12,Service Revenue,Sales,Income,59238.0
2478,2025-11-12,Employee Salary,Office,Expense,21372.0
2479,2025-11-12,Product Sale,Sales,Income,16009.0
2480,2025-11-12,Marketing Campaign,Utilities,Expense,5297.0
2481,2025-11-12,Product Sale,Sales,Income,24544.0
2482,2025-11-12,Electricity Bill,Marketing,Expense,33068.0
2483,2025-11-12,Travel Expense,Salaries,Expense,3096.0
2484,2025-11-12,Product Sale,Sales,Income,30287.0
2485,2025-11-13,Software Subscription,Office,Expense,22808.0
2486,2025-11-13,Software Subscription,Inventory,Expense,24715.0
2487,2025-11-13,Software Subscription,Software,Expense,12295.0
2488,2025-11-13,Software Subscription,Utilities,Expense,15484.0
2489,2025-11-13,Software Subscription,Travel,Expense,12634.0
2490,2025-11-13,Service Revenue,Sales,Income,77943.0
2491,2025-11-13,Customer Payment,Sales,Income,57726.0
2492,2025-11-13,Customer Payment,Sales,Income,27211.0
2493,2025-11-14,Inventory Purchase,Utilities,Expense,19422.0
2494,2025-11-14,Online Sale,Sales,Income,52780.0
2495,2025-11-14,Office Supplies,Travel,Expense,17745.0
2496,2025-11-14,Employee Salary,Travel,Expense,18760.0
2497,2025-11-14,Marketing Campaign,Utilities,Expense,10527.0
2498,2025-11-14,Employee Salary,Salaries,Expense,14486.0
2499,2025-11-14,Software Subscription,Office,Expense,4026.0
2500,2025-11-14,Online Sale,Sales,Income,27117.0
2501,2025-11-15,Travel Expense,Salaries,Expense,2122.0
2502,2025-11-15,Employee Salary,Marketing,Expense,30033.0
2503,2025-11-15,Marketing Campaign,Inventory,Expense,18816.0
2504,2025-11-15,Inventory Purchase,Software,Expense,9199.0
2505,2025-11-15,Service Revenue,Sales,Income,60006.0
2506,2025-11-15,Customer Payment,Sales,Income,74918.0
2507,2025-11-15,Office Rent,Inventory,Expense,17173.0
2508,2025-11-15,Product Sale,Sales,Income,72321.0
2509,2025-11-16,Software Subscription,Software,Expense,24207.0
2510,2025-11-16,Travel Expense,Inventory,Expense,19713.0
2511,2025-11-16,Customer Payment,Sales,Income,48013.0
2512,2025-11-16,Office Supplies,Travel,Expense,21696.0
2513,2025-11-16,Service Revenue,Sales,Income,52928.0
2514,2025-11-16,Employee Salary,Salaries,Expense,9258.0
2515,2025-11-16,Marketing Campaign,Salaries,Expense,1973.0
2516,2025-11-16,Inventory Purchase,Utilities,Expense,13781.0
2517,2025-11-17,Online Sale,Sales,Income,22290.0
2518,2025-11-17,Office Supplies,Marketing,Expense,18871.0
2519,2025-11-17,Office Rent,Marketing,Expense,28863.0
2520,2025-11-17,Software Subscription,Marketing,Expense,12557.0
2521,2025-11-17,Marketing Campaign,Travel,Expense,20144.0
2522,2025-11-17,Product Sale,Sales,Income,37535.0
2523,2025-11-17,Product Sale,Sales,Income,51300.0
2524,2025-11-17,Product Sale,Sales,Income,52176.0
2525,2025-11-18,Office Rent,Inventory,Expense,14781.0
2526,2025-11-18,Customer Payment,Sales,Income,12939.0
2527,2025-11-18,Customer Payment,Sales,Income,47029.0
2528,2025-11-18,Office Rent,Marketing,Expense,5554.0
2529,2025-11-18,Product Sale,Sales,Income,15447.0
2530,2025-11-18,Travel Expense,Inventory,Expense,1810.0
2531,2025-11-18,Office Supplies,Salaries,Expense,29646.0
2532,2025-11-19,Office Supplies,Marketing,Expense,29812.0
2533,2025-11-19,Online Sale,Sales,Income,12928.0
2534,2025-11-19,Customer Payment,Sales,Income,53002.0
2535,2025-11-19,Office Rent,Marketing,Expense,16346.0
2536,2025-11-19,Office Rent,Travel,Expense,22983.0
2537,2025-11-19,Electricity Bill,Software,Expense,27058.0
2538,2025-11-19,Service Revenue,Sales,Income,55893.0
2539,2025-11-19,Electricity Bill,Inventory,Expense,33736.0
2540,2025-11-20,Employee Salary,Inventory,Expense,29431.0
2541,2025-11-20,Office Supplies,Office,Expense,32576.0
2542,2025-11-20,Software Subscription,Software,Expense,15301.0
2543,2025-11-20,Travel Expense,Utilities,Expense,10128.0
2544,2025-11-20,Inventory Purchase,Salaries,Expense,9228.0
2545,2025-11-20,Online Sale,Sales,Income,15973.0
2546,2025-11-20,Inventory Purchase,Utilities,Expense,29070.0
2547,2025-11-20,Online Sale,Sales,Income,40774.0
2548,2025-11-21,Service Revenue,Sales,Income,9302.0
2549,2025-11-21,Customer Payment,Sales,Income,27391.0
2550,2025-11-21,Product Sale,Sales,Income,9611.0
2551,2025-11-21,Service Revenue,Sales,Income,14372.0
2552,2025-11-21,Online Sale,Sales,Income,29312.0
2553,2025-11-21,Electricity Bill,Software,Expense,8543.0
2554,2025-11-21,Software Subscription,Office,Expense,3304.0
2555,2025-11-21,Customer Payment,Sales,Income,67537.0
2556,2025-11-22,Electricity Bill,Salaries,Expense,4436.0
2557,2025-11-22,Office Supplies,Inventory,Expense,31674.0
2558,2025-11-22,Customer Payment,Sales,Income,16600.0
2559,2025-11-22,Service Revenue,Sales,Income,8747.0
2560,2025-11-22,Office Supplies,Utilities,Expense,26409.0
2561,2025-11-22,Office Rent,Travel,Expense,8866.0
2562,2025-11-22,Office Supplies,Office,Expense,20089.0
2563,2025-11-22,Online Sale,Sales,Income,66509.0
2564,2025-11-23,Service Revenue,Sales,Income,66824.0
2565,2025-11-23,Service Revenue,Sales,Income,9725.0
2566,2025-11-23,Product Sale,Sales,Income,48205.0
2567,2025-11-23,Service Revenue,Sales,Income,25684.0
2568,2025-11-23,Online Sale,Sales,Income,62911.0
2569,2025-11-23,Electricity Bill,Travel,Expense,15109.0
2570,2025-11-23,Electricity Bill,Software,Expense,23535.0
2571,2025-11-23,Customer Payment,Sales,Income,30457.0
2572,2025-11-24,Inventory Purchase,Marketing,Expense,14136.0
2573,2025-11-24,Online Sale,Sales,Income,67894.0
2574,2025-11-24,Employee Salary,Salaries,Expense,15490.0
2575,2025-11-24,Product Sale,Sales,Income,17612.0
2576,2025-11-24,Software Subscription,Travel,Expense,9185.0
2577,2025-11-24,Electricity Bill,Inventory,Expense,14278.0
2578,2025-11-24,Travel Expense,Office,Expense,27362.0
2579,2025-11-24,Customer Payment,Sales,Income,71249.0
2580,2025-11-25,Inventory Purchase,Marketing,Expense,28913.0
2581,2025-11-25,Customer Payment,Sales,Income,20261.0
2582,2025-11-25,Inventory Purchase,Marketing,Expense,7053.0
2583,2025-11-25,Electricity Bill,Utilities,Expense,23753.0
2584,2025-11-25,Online Sale,Sales,Income,62920.0
2585,2025-11-25,Employee Salary,Office,Expense,2865.0
2586,2025-11-25,Software Subscription,Utilities,Expense,7168.0
2587,2025-11-26,Online Sale,Sales,Income,48032.0
2588,2025-11-26,Electricity Bill,Travel,Expense,4175.0
2589,2025-11-26,Service Revenue,Sales,Income,39600.0
2590,2025-11-26,Software Subscription,Software,Expense,17836.0
2591,2025-11-26,Office Supplies,Software,Expense,20184.0
2592,2025-11-26,Travel Expense,Office,Expense,28811.0
2593,2025-11-26,Software Subscription,Utilities,Expense,15636.0
2594,2025-11-26,Marketing Campaign,Office,Expense,12719.0
2595,2025-11-27,Service Revenue,Sales,Income,76947.0
2596,2025-11-27,Inventory Purchase,Inventory,Expense,4915.0
2597,2025-11-27,Customer Payment,Sales,Income,59149.0
2598,2025-11-27,Marketing Campaign,Marketing,Expense,22880.0
2599,2025-11-27,Service Revenue,Sales,Income,65184.0
2600,2025-11-27,Product Sale,Sales,Income,70792.0
2601,2025-11-27,Marketing Campaign,Office,Expense,34305.0
2602,2025-11-27,Service Revenue,Sales,Income,38257.0
2603,2025-11-28,Marketing Campaign,Salaries,Expense,11566.0
2604,2025-11-28,Service Revenue,Sales,Income,56248.0
2605,2025-11-28,Customer Payment,Sales,Income,50371.0
2606,2025-11-28,Travel Expense,Travel,Expense,22815.0
2607,2025-11-28,Customer Payment,Sales,Income,42297.0
2608,2025-11-28,Product Sale,Sales,Income,59273.0
2609,2025-11-28,Software Subscription,Marketing,Expense,16989.0
2610,2025-11-28,Product Sale,Sales,Income,39743.0
2611,2025-11-29,Electricity Bill,Salaries,Expense,24783.0
2612,2025-11-29,Customer Payment,Sales,Income,75051.0
2613,2025-11-29,Service Revenue,Sales,Income,27076.0
2614,2025-11-29,Office Rent,Inventory,Expense,29387.0
2615,2025-11-29,Customer Payment,Sales,Income,77322.0
2616,2025-11-29,Service Revenue,Sales,Income,18866.0
2617,2025-11-29,Online Sale,Sales,Income,37305.0
2618,2025-11-29,Product Sale,Sales,Income,67403.0
2619,2025-11-30,Travel Expense,Office,Expense,12779.0
2620,2025-11-30,Product Sale,Sales,Income,71729.0
2621,2025-11-30,Office Rent,Salaries,Expense,8761.0
2622,2025-11-30,Electricity Bill,Marketing,Expense,4974.0
2623,2025-11-30,Online Sale,Sales,Income,27666.0
2624,2025-11-30,Software Subscription,Office,Expense,28890.0
2625,2025-11-30,Product Sale,Sales,Income,79519.0
2626,2025-11-30,Employee Salary,Marketing,Expense,17138.0
2627,2025-12-01,Product Sale,Sales,Income,8775.0
2628,2025-12-01,Employee Salary,Travel,Expense,5287.0
2629,2025-12-01,Software Subscription,Salaries,Expense,8362.0
2630,2025-12-01,Customer Payment,Sales,Income,79816.0
2631,2025-12-01,Electricity Bill,Inventory,Expense,16620.0
2632,2025-12-01,Office Supplies,Inventory,Expense,23240.0
2633,2025-12-01,Service Revenue,Sales,Income,74180.0
2634,2025-12-01,Customer Payment,Sales,Income,78309.0
2635,2025-12-02,Inventory Purchase,Office,Expense,8803.0
2636,2025-12-02,Office Supplies,Utilities,Expense,664.0
2637,2025-12-02,Electricity Bill,Software,Expense,10715.0
2638,2025-12-02,Employee Salary,Salaries,Expense,31194.0
2639,2025-12-02,Travel Expense,Marketing,Expense,31753.0
2640,2025-12-02,Office Rent,Office,Expense,24730.0
2641,2025-12-02,Product Sale,Sales,Income,74868.0
2642,2025-12-03,Customer Payment,Sales,Income,17002.0
2643,2025-12-03,Travel Expense,Office,Expense,3165.0
2644,2025-12-03,Office Supplies,Salaries,Expense,27525.0
2645,2025-12-03,Customer Payment,Sales,Income,67543.0
2646,2025-12-03,Customer Payment,Sales,Income,34318.0
2647,2025-12-03,Inventory Purchase,Utilities,Expense,21498.0
2648,2025-12-03,Marketing Campaign,Inventory,Expense,23557.0
2649,2025-12-03,Customer Payment,Sales,Income,78374.0
2650,2025-12-04,Travel Expense,Marketing,Expense,18572.0
2651,2025-12-04,Service Revenue,Sales,Income,50167.0
2652,2025-12-04,Product Sale,Sales,Income,32939.0
2653,2025-12-04,Online Sale,Sales,Income,66365.0
2654,2025-12-04,Product Sale,Sales,Income,72381.0
2655,2025-12-04,Office Supplies,Software,Expense,29158.0
2656,2025-12-04,Service Revenue,Sales,Income,21766.0
2657,2025-12-04,Office Rent,Office,Expense,22018.0
2658,2025-12-05,Office Supplies,Office,Expense,9169.0
2659,2025-12-05,Customer Payment,Sales,Income,61221.0
2660,2025-12-05,Software Subscription,Travel,Expense,19410.0
2661,2025-12-05,Travel Expense,Office,Expense,31587.0
2662,2025-12-05,Electricity Bill,Utilities,Expense,866.0
2663,2025-12-05,Online Sale,Sales,Income,31148.0
2664,2025-12-05,Marketing Campaign,Utilities,Expense,30789.0
2665,2025-12-05,Electricity Bill,Salaries,Expense,33280.0
2666,2025-12-06,Customer Payment,Sales,Income,65313.0
2667,2025-12-06,Service Revenue,Sales,Income,25344.0
2668,2025-12-06,Inventory Purchase,Travel,Expense,7985.0
2669,2025-12-06,Office Rent,Marketing,Expense,33524.0
2670,2025-12-06,Service Revenue,Sales,Income,24116.0
2671,2025-12-06,Marketing Campaign,Inventory,Expense,16403.0
2672,2025-12-06,Service Revenue,Sales,Income,35782.0
2673,2025-12-06,Marketing Campaign,Office,Expense,28299.0
2674,2025-12-07,Customer Payment,Sales,Income,74035.0
2675,2025-12-07,Travel Expense,Inventory,Expense,7946.0
2676,2025-12-07,Service Revenue,Sales,Income,13080.0
2677,2025-12-07,Customer Payment,Sales,Income,38957.0
2678,2025-12-07,Service Revenue,Sales,Income,18908.0
2679,2025-12-07,Customer Payment,Sales,Income,52482.0
2680,2025-12-07,Employee Salary,Software,Expense,10806.0
2681,2025-12-07,Service Revenue,Sales,Income,79921.0
2682,2025-12-08,Inventory Purchase,Utilities,Expense,24991.0
2683,2025-12-08,Product Sale,Sales,Income,25125.0
2684,2025-12-08,Product Sale,Sales,Income,67451.0
2685,2025-12-08,Product Sale,Sales,Income,50708.0
2686,2025-12-08,Product Sale,Sales,Income,22682.0
2687,2025-12-08,Product Sale,Sales,Income,40794.0
2688,2025-12-08,Customer Payment,Sales,Income,64372.0
2689,2025-12-08,Travel Expense,Travel,Expense,26227.0
2690,2025-12-09,Service Revenue,Sales,Income,58863.0
2691,2025-12-09,Inventory Purchase,Marketing,Expense,3495.0
2692,2025-12-09,Employee Salary,Office,Expense,27063.0
2693,2025-12-09,Product Sale,Sales,Income,40057.0
2694,2025-12-09,Inventory Purchase,Software,Expense,22561.0
2695,2025-12-09,Marketing Campaign,Utilities,Expense,29678.0
2696,2025-12-09,Travel Expense,Salaries,Expense,660.0
2697,2025-12-09,Electricity Bill,Software,Expense,16148.0
2698,2025-12-10,Product Sale,Sales,Income,29074.0
2699,2025-12-10,Electricity Bill,Software,Expense,14286.0
2700,2025-12-10,Marketing Campaign,Office,Expense,29000.0
2701,2025-12-10,Inventory Purchase,Travel,Expense,10315.0
2702,2025-12-10,Software Subscription,Office,Expense,22466.0
2703,2025-12-10,Customer Payment,Sales,Income,41860.0
2704,2025-12-10,Customer Payment,Sales,Income,17975.0
2705,2025-12-11,Office Rent,Salaries,Expense,34444.0
2706,2025-12-11,Employee Salary,Salaries,Expense,21802.0
2707,2025-12-11,Product Sale,Sales,Income,43736.0
2708,2025-12-11,Online Sale,Sales,Income,66562.0
2709,2025-12-11,Online Sale,Sales,Income,45409.0
2710,2025-12-11,Customer Payment,Sales,Income,14834.0
2711,2025-12-11,Inventory Purchase,Marketing,Expense,1999.0
2712,2025-12-11,Office Supplies,Office,Expense,24314.0
2713,2025-12-12,Online Sale,Sales,Income,15846.0
2714,2025-12-12,Service Revenue,Sales,Income,10899.0
2715,2025-12-12,Service Revenue,Sales,Income,71101.0
2716,2025-12-12,Online Sale,Sales,Income,43773.0
2717,2025-12-12,Office Supplies,Travel,Expense,21760.0
2718,2025-12-12,Employee Salary,Software,Expense,26783.0
2719,2025-12-12,Electricity Bill,Software,Expense,2269.0
2720,2025-12-12,Service Revenue,Sales,Income,61888.0
2721,2025-12-13,Electricity Bill,Travel,Expense,11465.0
2722,2025-12-13,Employee Salary,Office,Expense,28066.0
2723,2025-12-13,Inventory Purchase,Software,Expense,33643.0
2724,2025-12-13,Travel Expense,Travel,Expense,19920.0
2725,2025-12-13,Service Revenue,Sales,Income,7580.0
2726,2025-12-13,Service Revenue,Sales,Income,62395.0
2727,2025-12-13,Customer Payment,Sales,Income,47321.0
2728,2025-12-13,Product Sale,Sales,Income,14386.0
2729,2025-12-14,Online Sale,Sales,Income,58171.0
2730,2025-12-14,Office Supplies,Salaries,Expense,11871.0
2731,2025-12-14,Software Subscription,Travel,Expense,18094.0
2732,2025-12-14,Office Supplies,Travel,Expense,11726.0
2733,2025-12-14,Online Sale,Sales,Income,5671.0
2734,2025-12-14,Employee Salary,Marketing,Expense,5465.0
2735,2025-12-14,Inventory Purchase,Software,Expense,13836.0
2736,2025-12-14,Travel Expense,Software,Expense,20343.0
2737,2025-12-15,Office Supplies,Utilities,Expense,17873.0
2738,2025-12-15,Travel Expense,Software,Expense,7154.0
2739,2025-12-15,Electricity Bill,Office,Expense,31780.0
2740,2025-12-15,Service Revenue,Sales,Income,70139.0
2741,2025-12-15,Online Sale,Sales,Income,6074.0
2742,2025-12-15,Customer Payment,Sales,Income,47676.0
2743,2025-12-15,Online Sale,Sales,Income,14475.0
2744,2025-12-15,Product Sale,Sales,Income,20120.0
2745,2025-12-16,Office Supplies,Travel,Expense,4243.0
2746,2025-12-16,Electricity Bill,Utilities,Expense,7659.0
2747,2025-12-16,Software Subscription,Inventory,Expense,32651.0
2748,2025-12-16,Customer Payment,Sales,Income,60479.0
2749,2025-12-16,Marketing Campaign,Marketing,Expense,17152.0
2750,2025-12-16,Office Supplies,Software,Expense,13425.0
2751,2025-12-16,Product Sale,Sales,Income,32115.0
2752,2025-12-16,Electricity Bill,Marketing,Expense,10386.0
2753,2025-12-17,Product Sale,Sales,Income,62124.0
2754,2025-12-17,Online Sale,Sales,Income,11610.0
2755,2025-12-17,Office Rent,Salaries,Expense,24895.0
2756,2025-12-17,Service Revenue,Sales,Income,79716.0
2757,2025-12-17,Employee Salary,Inventory,Expense,5076.0
2758,2025-12-17,Electricity Bill,Travel,Expense,1000.0
2759,2025-12-17,Marketing Campaign,Software,Expense,27175.0
2760,2025-12-18,Online Sale,Sales,Income,76437.0
2761,2025-12-18,Online Sale,Sales,Income,43897.0
2762,2025-12-18,Product Sale,Sales,Income,55906.0
2763,2025-12-18,Software Subscription,Marketing,Expense,3776.0
2764,2025-12-18,Online Sale,Sales,Income,9482.0
2765,2025-12-18,Online Sale,Sales,Income,77936.0
2766,2025-12-18,Electricity Bill,Travel,Expense,7113.0
2767,2025-12-18,Inventory Purchase,Inventory,Expense,1827.0
2768,2025-12-19,Service Revenue,Sales,Income,77932.0
2769,2025-12-19,Office Rent,Software,Expense,26755.0
2770,2025-12-19,Inventory Purchase,Inventory,Expense,20630.0
2771,2025-12-19,Customer Payment,Sales,Income,17500.0
2772,2025-12-19,Customer Payment,Sales,Income,16545.0
2773,2025-12-19,Employee Salary,Travel,Expense,21047.0
2774,2025-12-19,Office Supplies,Office,Expense,20201.0
2775,2025-12-19,Travel Expense,Travel,Expense,6269.0
2776,2025-12-20,Product Sale,Sales,Income,9695.0
2777,2025-12-20,Customer Payment,Sales,Income,19318.0
2778,2025-12-20,Product Sale,Sales,Income,55934.0
2779,2025-12-20,Service Revenue,Sales,Income,27331.0
2780,2025-12-20,Online Sale,Sales,Income,57672.0
2781,2025-12-20,Product Sale,Sales,Income,73754.0
2782,2025-12-20,Inventory Purchase,Utilities,Expense,22036.0
2783,2025-12-20,Marketing Campaign,Salaries,Expense,12855.0
2784,2025-12-21,Electricity Bill,Marketing,Expense,2734.0
2785,2025-12-21,Employee Salary,Office,Expense,31647.0
2786,2025-12-21,Customer Payment,Sales,Income,53624.0
2787,2025-12-21,Office Rent,Marketing,Expense,17060.0
2788,2025-12-21,Customer Payment,Sales,Income,16109.0
2789,2025-12-21,Software Subscription,Utilities,Expense,3428.0
2790,2025-12-21,Travel Expense,Inventory,Expense,28684.0
2791,2025-12-21,Employee Salary,Inventory,Expense,20599.0
2792,2025-12-22,Travel Expense,Marketing,Expense,4774.0
2793,2025-12-22,Software Subscription,Travel,Expense,25470.0
2794,2025-12-22,Service Revenue,Sales,Income,41943.0
2795,2025-12-22,Product Sale,Sales,Income,55016.0
2796,2025-12-22,Employee Salary,Utilities,Expense,17852.0
2797,2025-12-22,Product Sale,Sales,Income,68027.0
2798,2025-12-22,Office Rent,Utilities,Expense,32328.0
2799,2025-12-22,Marketing Campaign,Marketing,Expense,3004.0
2800,2025-12-23,Product Sale,Sales,Income,58836.0
2801,2025-12-23,Inventory Purchase,Office,Expense,29394.0
2802,2025-12-23,Marketing Campaign,Travel,Expense,31495.0
2803,2025-12-23,Office Supplies,Utilities,Expense,18248.0
2804,2025-12-23,Office Supplies,Software,Expense,23600.0
2805,2025-12-23,Employee Salary,Travel,Expense,34191.0
2806,2025-12-23,Inventory Purchase,Office,Expense,23481.0
2807,2025-12-23,Inventory Purchase,Marketing,Expense,33208.0
2808,2025-12-24,Service Revenue,Sales,Income,71134.0
2809,2025-12-24,Office Rent,Utilities,Expense,32986.0
2810,2025-12-24,Electricity Bill,Inventory,Expense,30840.0
2811,2025-12-24,Product Sale,Sales,Income,28671.0
2812,2025-12-24,Marketing Campaign,Marketing,Expense,3586.0
2813,2025-12-24,Electricity Bill,Software,Expense,26035.0
2814,2025-12-24,Online Sale,Sales,Income,62275.0
2815,2025-12-25,Electricity Bill,Office,Expense,17513.0
2816,2025-12-25,Travel Expense,Office,Expense,7907.0
2817,2025-12-25,Employee Salary,Software,Expense,34042.0
2818,2025-12-25,Product Sale,Sales,Income,62813.0
2819,2025-12-25,Customer Payment,Sales,Income,11806.0
2820,2025-12-25,Customer Payment,Sales,Income,45891.0
2821,2025-12-25,Marketing Campaign,Travel,Expense,24081.0
2822,2025-12-25,Service Revenue,Sales,Income,22158.0
2823,2025-12-26,Electricity Bill,Marketing,Expense,21900.0
2824,2025-12-26,Online Sale,Sales,Income,67576.0
2825,2025-12-26,Service Revenue,Sales,Income,29188.0
2826,2025-12-26,Inventory Purchase,Utilities,Expense,1434.0
2827,2025-12-26,Travel Expense,Travel,Expense,21880.0
2828,2025-12-26,Online Sale,Sales,Income,17419.0
2829,2025-12-26,Customer Payment,Sales,Income,38697.0
2830,2025-12-26,Product Sale,Sales,Income,12973.0
2831,2025-12-27,Marketing Campaign,Travel,Expense,16221.0
2832,2025-12-27,Inventory Purchase,Office,Expense,2005.0
2833,2025-12-27,Service Revenue,Sales,Income,36285.0
2834,2025-12-27,Service Revenue,Sales,Income,28039.0
2835,2025-12-27,Online Sale,Sales,Income,71720.0
2836,2025-12-27,Software Subscription,Utilities,Expense,24625.0
2837,2025-12-27,Employee Salary,Office,Expense,9869.0
2838,2025-12-27,Service Revenue,Sales,Income,5916.0
2839,2025-12-28,Employee Salary,Travel,Expense,27171.0
2840,2025-12-28,Customer Payment,Sales,Income,74110.0
2841,2025-12-28,Product Sale,Sales,Income,22790.0
2842,2025-12-28,Marketing Campaign,Software,Expense,10620.0
2843,2025-12-28,Electricity Bill,Salaries,Expense,20723.0
2844,2025-12-28,Travel Expense,Office,Expense,32650.0
2845,2025-12-28,Electricity Bill,Software,Expense,3053.0
2846,2025-12-28,Product Sale,Sales,Income,42696.0
2847,2025-12-29,Inventory Purchase,Travel,Expense,4889.0
2848,2025-12-29,Product Sale,Sales,Income,51728.0
2849,2025-12-29,Software Subscription,Salaries,Expense,11589.0
2850,2025-12-29,Product Sale,Sales,Income,71226.0
2851,2025-12-29,Electricity Bill,Software,Expense,29305.0
2852,2025-12-29,Product Sale,Sales,Income,39263.0
2853,2025-12-29,Online Sale,Sales,Income,55044.0
2854,2025-12-29,Electricity Bill,Utilities,Expense,13267.0
2855,2025-12-30,Product Sale,Sales,Income,30825.0
2856,2025-12-30,Travel Expense,Marketing,Expense,16566.0
2857,2025-12-30,Product Sale,Sales,Income,51732.0
2858,2025-12-30,Online Sale,Sales,Income,71433.0
2859,2025-12-30,Customer Payment,Sales,Income,28572.0
2860,2025-12-30,Service Revenue,Sales,Income,43546.0
2861,2025-12-30,Electricity Bill,Marketing,Expense,6798.0
2862,2025-12-30,Customer Payment,Sales,Income,59165.0
2863,2025-12-31,Employee Salary,Marketing,Expense,3089.0
2864,2025-12-31,Employee Salary,Marketing,Expense,14101.0
2865,2025-12-31,Product Sale,Sales,Income,41948.0
2866,2025-12-31,Employee Salary,Utilities,Expense,21864.0
2867,2025-12-31,Inventory Purchase,Travel,Expense,34206.0
2868,2025-12-31,Inventory Purchase,Utilities,Expense,30110.0
2869,2025-12-31,Service Revenue,Sales,Income,44384.0
2870,2026-01-01,Product Sale,Sales,Income,23157.0
2871,2026-01-01,Office Rent,Travel,Expense,21534.0
2872,2026-01-01,Software Subscription,Software,Expense,17132.0
2873,2026-01-01,Travel Expense,Marketing,Expense,13885.0
2874,2026-01-01,Customer Payment,Sales,Income,69595.0
2875,2026-01-01,Travel Expense,Marketing,Expense,8475.0
2876,2026-01-01,Office Supplies,Software,Expense,21814.0
2877,2026-01-01,Inventory Purchase,Marketing,Expense,23898.0
2878,2026-01-02,Service Revenue,Sales,Income,52367.0
2879,2026-01-02,Travel Expense,Travel,Expense,27261.0
2880,2026-01-02,Customer Payment,Sales,Income,64812.0
2881,2026-01-02,Service Revenue,Sales,Income,64884.0
2882,2026-01-02,Marketing Campaign,Software,Expense,7087.0
2883,2026-01-02,Customer Payment,Sales,Income,18280.0
2884,2026-01-02,Customer Payment,Sales,Income,19746.0
2885,2026-01-02,Online Sale,Sales,Income,58251.0
2886,2026-01-03,Inventory Purchase,Inventory,Expense,17561.0
2887,2026-01-03,Office Supplies,Salaries,Expense,22793.0
2888,2026-01-03,Product Sale,Sales,Income,32757.0
2889,2026-01-03,Travel Expense,Utilities,Expense,4156.0
2890,2026-01-03,Travel Expense,Office,Expense,22118.0
2891,2026-01-03,Product Sale,Sales,Income,32206.0
2892,2026-01-03,Software Subscription,Inventory,Expense,22372.0
2893,2026-01-03,Electricity Bill,Utilities,Expense,28830.0
2894,2026-01-04,Employee Salary,Utilities,Expense,16639.0
2895,2026-01-04,Product Sale,Sales,Income,57234.0
2896,2026-01-04,Electricity Bill,Office,Expense,5483.0
2897,2026-01-04,Travel Expense,Software,Expense,21829.0
2898,2026-01-04,Product Sale,Sales,Income,40157.0
2899,2026-01-04,Online Sale,Sales,Income,24937.0
2900,2026-01-04,Online Sale,Sales,Income,59290.0
2901,2026-01-04,Customer Payment,Sales,Income,51707.0
2902,2026-01-05,Inventory Purchase,Office,Expense,2663.0
2903,2026-01-05,Online Sale,Sales,Income,14399.0
2904,2026-01-05,Online Sale,Sales,Income,32657.0
2905,2026-01-05,Office Rent,Travel,Expense,22332.0
2906,2026-01-05,Product Sale,Sales,Income,77154.0
2907,2026-01-05,Electricity Bill,Marketing,Expense,20228.0
2908,2026-01-05,Service Revenue,Sales,Income,11780.0
2909,2026-01-05,Online Sale,Sales,Income,32050.0
2910,2026-01-06,Customer Payment,Sales,Income,78551.0
2911,2026-01-06,Product Sale,Sales,Income,73666.0
2912,2026-01-06,Service Revenue,Sales,Income,58010.0
2913,2026-01-06,Office Rent,Salaries,Expense,2664.0
2914,2026-01-06,Software Subscription,Salaries,Expense,27688.0
2915,2026-01-06,Online Sale,Sales,Income,54608.0
2916,2026-01-06,Marketing Campaign,Office,Expense,18905.0
2917,2026-01-06,Office Rent,Office,Expense,3321.0
2918,2026-01-07,Inventory Purchase,Software,Expense,23016.0
2919,2026-01-07,Service Revenue,Sales,Income,17076.0
2920,2026-01-07,Product Sale,Sales,Income,29783.0
2921,2026-01-07,Product Sale,Sales,Income,51716.0
2922,2026-01-07,Software Subscription,Marketing,Expense,17597.0
2923,2026-01-07,Employee Salary,Software,Expense,14596.0
2924,2026-01-07,Service Revenue,Sales,Income,74835.0
2925,2026-01-08,Service Revenue,Sales,Income,13118.0
2926,2026-01-08,Inventory Purchase,Travel,Expense,1363.0
2927,2026-01-08,Travel Expense,Marketing,Expense,16648.0
2928,2026-01-08,Inventory Purchase,Inventory,Expense,21509.0
2929,2026-01-08,Marketing Campaign,Software,Expense,18309.0
2930,2026-01-08,Online Sale,Sales,Income,55613.0
2931,2026-01-08,Electricity Bill,Marketing,Expense,1153.0
2932,2026-01-08,Electricity Bill,Utilities,Expense,8629.0
2933,2026-01-09,Product Sale,Sales,Income,77728.0
2934,2026-01-09,Office Supplies,Software,Expense,23618.0
2935,2026-01-09,Software Subscription,Marketing,Expense,943.0
2936,2026-01-09,Online Sale,Sales,Income,66394.0
2937,2026-01-09,Marketing Campaign,Marketing,Expense,24343.0
2938,2026-01-09,Marketing Campaign,Travel,Expense,21553.0
2939,2026-01-09,Employee Salary,Marketing,Expense,31348.0
2940,2026-01-09,Customer Payment,Sales,Income,60918.0
2941,2026-01-10,Online Sale,Sales,Income,67694.0
2942,2026-01-10,Office Rent,Travel,Expense,16785.0
2943,2026-01-10,Service Revenue,Sales,Income,43735.0
2944,2026-01-10,Inventory Purchase,Inventory,Expense,14444.0
2945,2026-01-10,Software Subscription,Marketing,Expense,23840.0
2946,2026-01-10,Online Sale,Sales,Income,73020.0
2947,2026-01-10,Electricity Bill,Salaries,Expense,2107.0
2948,2026-01-10,Electricity Bill,Office,Expense,3453.0
2949,2026-01-11,Customer Payment,Sales,Income,45597.0
2950,2026-01-11,Marketing Campaign,Utilities,Expense,11886.0
2951,2026-01-11,Employee Salary,Travel,Expense,5182.0
2952,2026-01-11,Marketing Campaign,Salaries,Expense,11654.0
2953,2026-01-11,Employee Salary,Software,Expense,9547.0
2954,2026-01-11,Marketing Campaign,Software,Expense,23493.0
2955,2026-01-11,Marketing Campaign,Travel,Expense,10838.0
2956,2026-01-11,Inventory Purchase,Travel,Expense,14823.0
2957,2026-01-12,Office Supplies,Salaries,Expense,24134.0
2958,2026-01-12,Office Supplies,Software,Expense,26792.0
2959,2026-01-12,Customer Payment,Sales,Income,31372.0
2960,2026-01-12,Employee Salary,Inventory,Expense,10645.0
2961,2026-01-12,Customer Payment,Sales,Income,44080.0
2962,2026-01-12,Online Sale,Sales,Income,47722.0
2963,2026-01-12,Service Revenue,Sales,Income,34048.0
2964,2026-01-12,Inventory Purchase,Marketing,Expense,26734.0
2965,2026-01-13,Travel Expense,Inventory,Expense,13849.0
2966,2026-01-13,Office Supplies,Utilities,Expense,1502.0
2967,2026-01-13,Electricity Bill,Travel,Expense,33073.0
2968,2026-01-13,Marketing Campaign,Salaries,Expense,28303.0
2969,2026-01-13,Employee Salary,Inventory,Expense,11830.0
2970,2026-01-13,Travel Expense,Office,Expense,27004.0
2971,2026-01-13,Online Sale,Sales,Income,55192.0
2972,2026-01-13,Online Sale,Sales,Income,32703.0
2973,2026-01-14,Electricity Bill,Inventory,Expense,16511.0
2974,2026-01-14,Electricity Bill,Travel,Expense,18501.0
2975,2026-01-14,Customer Payment,Sales,Income,61516.0
2976,2026-01-14,Online Sale,Sales,Income,27257.0
2977,2026-01-14,Employee Salary,Travel,Expense,23789.0
2978,2026-01-14,Customer Payment,Sales,Income,68308.0
2979,2026-01-14,Marketing Campaign,Software,Expense,10916.0
2980,2026-01-15,Electricity Bill,Utilities,Expense,25659.0
2981,2026-01-15,Customer Payment,Sales,Income,20588.0
2982,2026-01-15,Online Sale,Sales,Income,66756.0
2983,2026-01-15,Travel Expense,Utilities,Expense,15994.0
2984,2026-01-15,Employee Salary,Marketing,Expense,26074.0
2985,2026-01-15,Marketing Campaign,Marketing,Expense,25833.0
2986,2026-01-15,Inventory Purchase,Salaries,Expense,33550.0
2987,2026-01-15,Product Sale,Sales,Income,45136.0
2988,2026-01-16,Electricity Bill,Inventory,Expense,33039.0
2989,2026-01-16,Office Supplies,Office,Expense,14530.0
2990,2026-01-16,Office Rent,Inventory,Expense,23221.0
2991,2026-01-16,Product Sale,Sales,Income,16441.0
2992,2026-01-16,Software Subscription,Utilities,Expense,7621.0
2993,2026-01-16,Employee Salary,Marketing,Expense,15177.0
2994,2026-01-16,Product Sale,Sales,Income,6868.0
2995,2026-01-16,Product Sale,Sales,Income,72264.0
2996,2026-01-17,Electricity Bill,Travel,Expense,22373.0
2997,2026-01-17,Online Sale,Sales,Income,17043.0
2998,2026-01-17,Customer Payment,Sales,Income,76939.0
2999,2026-01-17,Service Revenue,Sales,Income,20732.0
3000,2026-01-17,Employee Salary,Inventory,Expense,10240.0
3001,2026-01-17,Marketing Campaign,Travel,Expense,13059.0
3002,2026-01-17,Travel Expense,Software,Expense,22247.0
3003,2026-01-17,Product Sale,Sales,Income,27394.0
3004,2026-01-18,Marketing Campaign,Software,Expense,15833.0
3005,2026-01-18,Inventory Purchase,Marketing,Expense,30629.0
3006,2026-01-18,Employee Salary,Marketing,Expense,537.0
3007,2026-01-18,Office Rent,Utilities,Expense,32811.0
3008,2026-01-18,Customer Payment,Sales,Income,42405.0
3009,2026-01-18,Inventory Purchase,Utilities,Expense,33741.0
3010,2026-01-18,Customer Payment,Sales,Income,49239.0
3011,2026-01-18,Travel Expense,Office,Expense,3136.0
3012,2026-01-19,Customer Payment,Sales,Income,77012.0
3013,2026-01-19,Customer Payment,Sales,Income,71540.0
3014,2026-01-19,Service Revenue,Sales,Income,8271.0
3015,2026-01-19,Inventory Purchase,Inventory,Expense,27690.0
3016,2026-01-19,Customer Payment,Sales,Income,5209.0
3017,2026-01-19,Inventory Purchase,Salaries,Expense,21883.0
3018,2026-01-19,Service Revenue,Sales,Income,24977.0
3019,2026-01-19,Online Sale,Sales,Income,79142.0
3020,2026-01-20,Travel Expense,Inventory,Expense,23320.0
3021,2026-01-20,Customer Payment,Sales,Income,10607.0
3022,2026-01-20,Customer Payment,Sales,Income,56939.0
3023,2026-01-20,Office Rent,Travel,Expense,2576.0
3024,2026-01-20,Service Revenue,Sales,Income,63382.0
3025,2026-01-20,Product Sale,Sales,Income,12399.0
3026,2026-01-20,Online Sale,Sales,Income,30117.0
3027,2026-01-20,Software Subscription,Software,Expense,23716.0
3028,2026-01-21,Marketing Campaign,Salaries,Expense,3081.0
3029,2026-01-21,Marketing Campaign,Inventory,Expense,16100.0
3030,2026-01-21,Employee Salary,Marketing,Expense,30784.0
3031,2026-01-21,Product Sale,Sales,Income,5329.0
3032,2026-01-21,Service Revenue,Sales,Income,43619.0
3033,2026-01-21,Office Supplies,Marketing,Expense,14833.0
3034,2026-01-21,Service Revenue,Sales,Income,53094.0
3035,2026-01-22,Service Revenue,Sales,Income,43034.0
3036,2026-01-22,Online Sale,Sales,Income,60264.0
3037,2026-01-22,Customer Payment,Sales,Income,52850.0
3038,2026-01-22,Electricity Bill,Salaries,Expense,18547.0
3039,2026-01-22,Online Sale,Sales,Income,22772.0
3040,2026-01-22,Software Subscription,Marketing,Expense,24798.0
3041,2026-01-22,Product Sale,Sales,Income,73771.0
3042,2026-01-22,Travel Expense,Salaries,Expense,26068.0
3043,2026-01-23,Service Revenue,Sales,Income,31707.0
3044,2026-01-23,Product Sale,Sales,Income,46632.0
3045,2026-01-23,Electricity Bill,Salaries,Expense,26767.0
3046,2026-01-23,Marketing Campaign,Travel,Expense,21736.0
3047,2026-01-23,Online Sale,Sales,Income,29154.0
3048,2026-01-23,Online Sale,Sales,Income,25054.0
3049,2026-01-23,Service Revenue,Sales,Income,22165.0
3050,2026-01-23,Online Sale,Sales,Income,19439.0
3051,2026-01-24,Online Sale,Sales,Income,49518.0
3052,2026-01-24,Marketing Campaign,Inventory,Expense,26406.0
3053,2026-01-24,Service Revenue,Sales,Income,58934.0
3054,2026-01-24,Product Sale,Sales,Income,42763.0
3055,2026-01-24,Electricity Bill,Inventory,Expense,9645.0
3056,2026-01-24,Office Supplies,Office,Expense,23542.0
3057,2026-01-24,Marketing Campaign,Travel,Expense,18726.0
3058,2026-01-24,Service Revenue,Sales,Income,38270.0
3059,2026-01-25,Customer Payment,Sales,Income,47299.0
3060,2026-01-25,Office Supplies,Travel,Expense,27685.0
3061,2026-01-25,Product Sale,Sales,Income,78545.0
3062,2026-01-25,Service Revenue,Sales,Income,34765.0
3063,2026-01-25,Inventory Purchase,Office,Expense,34629.0
3064,2026-01-25,Electricity Bill,Software,Expense,25012.0
3065,2026-01-25,Travel Expense,Office,Expense,13995.0
3066,2026-01-25,Customer Payment,Sales,Income,18435.0
3067,2026-01-26,Online Sale,Sales,Income,74650.0
3068,2026-01-26,Employee Salary,Office,Expense,30511.0
3069,2026-01-26,Product Sale,Sales,Income,41135.0
3070,2026-01-26,Software Subscription,Utilities,Expense,8475.0
3071,2026-01-26,Software Subscription,Inventory,Expense,11460.0
3072,2026-01-26,Employee Salary,Inventory,Expense,28492.0
3073,2026-01-26,Service Revenue,Sales,Income,26468.0
3074,2026-01-26,Customer Payment,Sales,Income,52655.0
3075,2026-01-27,Employee Salary,Office,Expense,6743.0
3076,2026-01-27,Marketing Campaign,Travel,Expense,33128.0
3077,2026-01-27,Electricity Bill,Travel,Expense,10060.0
3078,2026-01-27,Online Sale,Sales,Income,73304.0
3079,2026-01-27,Product Sale,Sales,Income,51514.0
3080,2026-01-27,Marketing Campaign,Salaries,Expense,28449.0
3081,2026-01-27,Employee Salary,Utilities,Expense,23321.0
3082,2026-01-27,Travel Expense,Inventory,Expense,6576.0
3083,2026-01-28,Product Sale,Sales,Income,77577.0
3084,2026-01-28,Electricity Bill,Travel,Expense,8501.0
3085,2026-01-28,Office Supplies,Salaries,Expense,15803.0
3086,2026-01-28,Employee Salary,Travel,Expense,16957.0
3087,2026-01-28,Service Revenue,Sales,Income,6095.0
3088,2026-01-28,Service Revenue,Sales,Income,45983.0
3089,2026-01-28,Office Supplies,Software,Expense,18780.0
3090,2026-01-28,Customer Payment,Sales,Income,71615.0
3091,2026-01-29,Office Rent,Travel,Expense,7467.0
3092,2026-01-29,Electricity Bill,Travel,Expense,7161.0
3093,2026-01-29,Service Revenue,Sales,Income,36153.0
3094,2026-01-29,Inventory Purchase,Office,Expense,1010.0
3095,2026-01-29,Product Sale,Sales,Income,42656.0
3096,2026-01-29,Employee Salary,Utilities,Expense,26034.0
3097,2026-01-29,Software Subscription,Travel,Expense,16948.0
3098,2026-01-30,Product Sale,Sales,Income,14001.0
3099,2026-01-30,Online Sale,Sales,Income,41427.0
3100,2026-01-30,Product Sale,Sales,Income,36368.0
3101,2026-01-30,Service Revenue,Sales,Income,75819.0
3102,2026-01-30,Office Supplies,Salaries,Expense,6609.0
3103,2026-01-30,Office Supplies,Travel,Expense,7159.0
3104,2026-01-30,Online Sale,Sales,Income,15715.0
3105,2026-01-30,Online Sale,Sales,Income,63784.0
3106,2026-01-31,Service Revenue,Sales,Income,31797.0
3107,2026-01-31,Travel Expense,Software,Expense,32452.0
3108,2026-01-31,Product Sale,Sales,Income,19780.0
3109,2026-01-31,Electricity Bill,Office,Expense,34754.0
3110,2026-01-31,Travel Expense,Salaries,Expense,4970.0
3111,2026-01-31,Employee Salary,Marketing,Expense,22503.0
3112,2026-01-31,Product Sale,Sales,Income,71062.0
3113,2026-01-31,Travel Expense,Inventory,Expense,25168.0
3114,2026-02-01,Online Sale,Sales,Income,48463.0
3115,2026-02-01,Product Sale,Sales,Income,21571.0
3116,2026-02-01,Employee Salary,Software,Expense,32546.0
3117,2026-02-01,Software Subscription,Marketing,Expense,5941.0
3118,2026-02-01,Customer Payment,Sales,Income,13625.0
3119,2026-02-01,Product Sale,Sales,Income,44199.0
3120,2026-02-01,Online Sale,Sales,Income,20926.0
3121,2026-02-01,Product Sale,Sales,Income,36218.0
3122,2026-02-02,Customer Payment,Sales,Income,49472.0
3123,2026-02-02,Customer Payment,Sales,Income,25566.0
3124,2026-02-02,Marketing Campaign,Salaries,Expense,4690.0
3125,2026-02-02,Software Subscription,Salaries,Expense,1630.0
3126,2026-02-02,Software Subscription,Salaries,Expense,14571.0
3127,2026-02-02,Software Subscription,Office,Expense,20481.0
3128,2026-02-02,Service Revenue,Sales,Income,30135.0
3129,2026-02-02,Inventory Purchase,Office,Expense,1163.0
3130,2026-02-03,Inventory Purchase,Inventory,Expense,16235.0
3131,2026-02-03,Office Supplies,Travel,Expense,19658.0
3132,2026-02-03,Employee Salary,Travel,Expense,31587.0
3133,2026-02-03,Office Supplies,Salaries,Expense,23078.0
3134,2026-02-03,Employee Salary,Utilities,Expense,20374.0
3135,2026-02-03,Product Sale,Sales,Income,26604.0
3136,2026-02-03,Inventory Purchase,Office,Expense,23287.0
3137,2026-02-03,Marketing Campaign,Software,Expense,22205.0
3138,2026-02-04,Electricity Bill,Salaries,Expense,4345.0
3139,2026-02-04,Office Supplies,Inventory,Expense,16982.0
3140,2026-02-04,Service Revenue,Sales,Income,79791.0
3141,2026-02-04,Customer Payment,Sales,Income,10782.0
3142,2026-02-04,Office Rent,Office,Expense,32752.0
3143,2026-02-04,Marketing Campaign,Office,Expense,8296.0
3144,2026-02-04,Employee Salary,Marketing,Expense,7763.0
3145,2026-02-04,Service Revenue,Sales,Income,34204.0
3146,2026-02-05,Service Revenue,Sales,Income,22152.0
3147,2026-02-05,Office Supplies,Marketing,Expense,15362.0
3148,2026-02-05,Marketing Campaign,Software,Expense,16191.0
3149,2026-02-05,Office Supplies,Office,Expense,25528.0
3150,2026-02-05,Employee Salary,Utilities,Expense,31566.0
3151,2026-02-05,Office Rent,Marketing,Expense,33681.0
3152,2026-02-05,Online Sale,Sales,Income,61091.0
3153,2026-02-06,Software Subscription,Software,Expense,21410.0
3154,2026-02-06,Online Sale,Sales,Income,43712.0
3155,2026-02-06,Online Sale,Sales,Income,70277.0
3156,2026-02-06,Marketing Campaign,Salaries,Expense,22087.0
3157,2026-02-06,Office Supplies,Salaries,Expense,33459.0
3158,2026-02-06,Service Revenue,Sales,Income,25478.0
3159,2026-02-06,Office Rent,Travel,Expense,10551.0
3160,2026-02-06,Product Sale,Sales,Income,53068.0
3161,2026-02-07,Customer Payment,Sales,Income,40561.0
3162,2026-02-07,Product Sale,Sales,Income,7892.0
3163,2026-02-07,Service Revenue,Sales,Income,29395.0
3164,2026-02-07,Marketing Campaign,Marketing,Expense,32033.0
3165,2026-02-07,Online Sale,Sales,Income,39651.0
3166,2026-02-07,Office Rent,Marketing,Expense,24408.0
3167,2026-02-07,Office Rent,Utilities,Expense,32822.0
3168,2026-02-07,Service Revenue,Sales,Income,54306.0
3169,2026-02-08,Electricity Bill,Inventory,Expense,17912.0
3170,2026-02-08,Online Sale,Sales,Income,33024.0
3171,2026-02-08,Inventory Purchase,Software,Expense,25157.0
3172,2026-02-08,Customer Payment,Sales,Income,10947.0
3173,2026-02-08,Customer Payment,Sales,Income,72428.0
3174,2026-02-08,Service Revenue,Sales,Income,34754.0
3175,2026-02-08,Product Sale,Sales,Income,68355.0
3176,2026-02-08,Product Sale,Sales,Income,63241.0
3177,2026-02-09,Marketing Campaign,Utilities,Expense,29449.0
3178,2026-02-09,Travel Expense,Inventory,Expense,2771.0
3179,2026-02-09,Employee Salary,Inventory,Expense,2107.0
3180,2026-02-09,Office Supplies,Office,Expense,20023.0
3181,2026-02-09,Online Sale,Sales,Income,46833.0
3182,2026-02-09,Customer Payment,Sales,Income,5565.0
3183,2026-02-09,Product Sale,Sales,Income,45180.0
3184,2026-02-09,Service Revenue,Sales,Income,23402.0
3185,2026-02-10,Office Rent,Utilities,Expense,5962.0
3186,2026-02-10,Employee Salary,Office,Expense,32295.0
3187,2026-02-10,Product Sale,Sales,Income,72850.0
3188,2026-02-10,Service Revenue,Sales,Income,42180.0
3189,2026-02-10,Marketing Campaign,Marketing,Expense,847.0
3190,2026-02-10,Office Supplies,Marketing,Expense,33330.0
3191,2026-02-10,Product Sale,Sales,Income,28123.0
3192,2026-02-10,Office Supplies,Software,Expense,28890.0
3193,2026-02-11,Inventory Purchase,Office,Expense,8917.0
3194,2026-02-11,Product Sale,Sales,Income,22573.0
3195,2026-02-11,Online Sale,Sales,Income,61494.0
3196,2026-02-11,Software Subscription,Inventory,Expense,31250.0
3197,2026-02-11,Software Subscription,Salaries,Expense,11372.0
3198,2026-02-11,Office Supplies,Utilities,Expense,29195.0
3199,2026-02-11,Service Revenue,Sales,Income,59672.0
3200,2026-02-11,Online Sale,Sales,Income,66821.0
3201,2026-02-12,Office Rent,Utilities,Expense,18478.0
3202,2026-02-12,Employee Salary,Marketing,Expense,23141.0
3203,2026-02-12,Product Sale,Sales,Income,49706.0
3204,2026-02-12,Employee Salary,Marketing,Expense,18579.0
3205,2026-02-12,Employee Salary,Inventory,Expense,17838.0
3206,2026-02-12,Electricity Bill,Salaries,Expense,3791.0
3207,2026-02-12,Electricity Bill,Utilities,Expense,9048.0
3208,2026-02-13,Travel Expense,Salaries,Expense,34236.0
3209,2026-02-13,Customer Payment,Sales,Income,33460.0
3210,2026-02-13,Office Supplies,Salaries,Expense,4734.0
3211,2026-02-13,Customer Payment,Sales,Income,36017.0
3212,2026-02-13,Employee Salary,Utilities,Expense,13868.0
3213,2026-02-13,Service Revenue,Sales,Income,24515.0
3214,2026-02-13,Electricity Bill,Utilities,Expense,34293.0
3215,2026-02-13,Online Sale,Sales,Income,12634.0
3216,2026-02-14,Online Sale,Sales,Income,34377.0
3217,2026-02-14,Service Revenue,Sales,Income,38001.0
3218,2026-02-14,Customer Payment,Sales,Income,6391.0
3219,2026-02-14,Office Rent,Salaries,Expense,29575.0
3220,2026-02-14,Travel Expense,Utilities,Expense,19439.0
3221,2026-02-14,Inventory Purchase,Office,Expense,16124.0
3222,2026-02-14,Customer Payment,Sales,Income,16882.0
3223,2026-02-14,Online Sale,Sales,Income,22273.0
3224,2026-02-15,Customer Payment,Sales,Income,50647.0
3225,2026-02-15,Customer Payment,Sales,Income,69892.0
3226,2026-02-15,Travel Expense,Inventory,Expense,13106.0
3227,2026-02-15,Service Revenue,Sales,Income,5427.0
3228,2026-02-15,Service Revenue,Sales,Income,71267.0
3229,2026-02-15,Customer Payment,Sales,Income,5799.0
3230,2026-02-15,Service Revenue,Sales,Income,60659.0
3231,2026-02-15,Inventory Purchase,Travel,Expense,10608.0
3232,2026-02-16,Marketing Campaign,Office,Expense,8598.0
3233,2026-02-16,Online Sale,Sales,Income,30411.0
3234,2026-02-16,Customer Payment,Sales,Income,19961.0
3235,2026-02-16,Customer Payment,Sales,Income,26767.0
3236,2026-02-16,Online Sale,Sales,Income,56690.0
3237,2026-02-16,Service Revenue,Sales,Income,57870.0
3238,2026-02-16,Office Rent,Marketing,Expense,28857.0
3239,2026-02-16,Inventory Purchase,Software,Expense,5460.0
3240,2026-02-17,Employee Salary,Software,Expense,34056.0
3241,2026-02-17,Online Sale,Sales,Income,28772.0
3242,2026-02-17,Customer Payment,Sales,Income,23799.0
3243,2026-02-17,Inventory Purchase,Salaries,Expense,31381.0
3244,2026-02-17,Office Supplies,Travel,Expense,18909.0
3245,2026-02-17,Electricity Bill,Office,Expense,33135.0
3246,2026-02-17,Service Revenue,Sales,Income,74002.0
3247,2026-02-17,Electricity Bill,Marketing,Expense,31157.0
3248,2026-02-18,Customer Payment,Sales,Income,8088.0
3249,2026-02-18,Office Supplies,Salaries,Expense,9252.0
3250,2026-02-18,Travel Expense,Salaries,Expense,13940.0
3251,2026-02-18,Office Rent,Travel,Expense,6999.0
3252,2026-02-18,Customer Payment,Sales,Income,73126.0
3253,2026-02-18,Inventory Purchase,Utilities,Expense,15267.0
3254,2026-02-18,Service Revenue,Sales,Income,74109.0
3255,2026-02-18,Customer Payment,Sales,Income,7978.0
3256,2026-02-19,Product Sale,Sales,Income,14422.0
3257,2026-02-19,Travel Expense,Software,Expense,29988.0
3258,2026-02-19,Product Sale,Sales,Income,61174.0
3259,2026-02-19,Customer Payment,Sales,Income,42743.0
3260,2026-02-19,Office Rent,Marketing,Expense,20991.0
3261,2026-02-19,Online Sale,Sales,Income,62199.0
3262,2026-02-19,Office Rent,Software,Expense,33315.0
3263,2026-02-20,Service Revenue,Sales,Income,33834.0
3264,2026-02-20,Online Sale,Sales,Income,29435.0
3265,2026-02-20,Electricity Bill,Office,Expense,13364.0
3266,2026-02-20,Service Revenue,Sales,Income,48554.0
3267,2026-02-20,Marketing Campaign,Travel,Expense,8677.0
3268,2026-02-20,Electricity Bill,Utilities,Expense,12344.0
3269,2026-02-20,Software Subscription,Travel,Expense,9094.0
3270,2026-02-20,Office Supplies,Inventory,Expense,13918.0
3271,2026-02-21,Online Sale,Sales,Income,6995.0
3272,2026-02-21,Customer Payment,Sales,Income,27414.0
3273,2026-02-21,Marketing Campaign,Utilities,Expense,23039.0
3274,2026-02-21,Employee Salary,Travel,Expense,13335.0
3275,2026-02-21,Electricity Bill,Office,Expense,18033.0
3276,2026-02-21,Inventory Purchase,Salaries,Expense,30015.0
3277,2026-02-21,Travel Expense,Marketing,Expense,22822.0
3278,2026-02-21,Office Rent,Salaries,Expense,10723.0
3279,2026-02-22,Customer Payment,Sales,Income,13524.0
3280,2026-02-22,Travel Expense,Salaries,Expense,34019.0
3281,2026-02-22,Electricity Bill,Marketing,Expense,24660.0
3282,2026-02-22,Online Sale,Sales,Income,65096.0
3283,2026-02-22,Electricity Bill,Inventory,Expense,26156.0
3284,2026-02-22,Marketing Campaign,Software,Expense,10848.0
3285,2026-02-22,Software Subscription,Inventory,Expense,18424.0
3286,2026-02-22,Product Sale,Sales,Income,25714.0
3287,2026-02-23,Service Revenue,Sales,Income,40877.0
3288,2026-02-23,Travel Expense,Travel,Expense,15129.0
3289,2026-02-23,Marketing Campaign,Office,Expense,11773.0
3290,2026-02-23,Service Revenue,Sales,Income,50468.0
3291,2026-02-23,Customer Payment,Sales,Income,77108.0
3292,2026-02-23,Office Rent,Travel,Expense,24843.0
3293,2026-02-23,Customer Payment,Sales,Income,68333.0
3294,2026-02-23,Software Subscription,Marketing,Expense,7400.0
3295,2026-02-24,Software Subscription,Marketing,Expense,4300.0
3296,2026-02-24,Product Sale,Sales,Income,66855.0
3297,2026-02-24,Travel Expense,Salaries,Expense,29873.0
3298,2026-02-24,Online Sale,Sales,Income,72619.0
3299,2026-02-24,Product Sale,Sales,Income,51146.0
3300,2026-02-24,Marketing Campaign,Software,Expense,31607.0
3301,2026-02-24,Product Sale,Sales,Income,22140.0
3302,2026-02-24,Software Subscription,Software,Expense,13568.0
3303,2026-02-25,Inventory Purchase,Utilities,Expense,19140.0
3304,2026-02-25,Online Sale,Sales,Income,49512.0
3305,2026-02-25,Service Revenue,Sales,Income,62811.0
3306,2026-02-25,Service Revenue,Sales,Income,19691.0
3307,2026-02-25,Service Revenue,Sales,Income,39262.0
3308,2026-02-25,Online Sale,Sales,Income,59892.0
3309,2026-02-25,Online Sale,Sales,Income,30595.0
3310,2026-02-25,Employee Salary,Software,Expense,21401.0
3311,2026-02-26,Inventory Purchase,Marketing,Expense,16777.0
3312,2026-02-26,Inventory Purchase,Travel,Expense,2143.0
3313,2026-02-26,Employee Salary,Office,Expense,24229.0
3314,2026-02-26,Service Revenue,Sales,Income,79191.0
3315,2026-02-26,Customer Payment,Sales,Income,69791.0
3316,2026-02-26,Marketing Campaign,Utilities,Expense,519.0
3317,2026-02-26,Office Rent,Software,Expense,33943.0
3318,2026-02-27,Online Sale,Sales,Income,9008.0
3319,2026-02-27,Software Subscription,Software,Expense,34422.0
3320,2026-02-27,Travel Expense,Travel,Expense,10320.0
3321,2026-02-27,Employee Salary,Salaries,Expense,33250.0
3322,2026-02-27,Online Sale,Sales,Income,25637.0
3323,2026-02-27,Electricity Bill,Salaries,Expense,34921.0
3324,2026-02-27,Inventory Purchase,Inventory,Expense,3002.0
3325,2026-02-27,Inventory Purchase,Software,Expense,17165.0
3326,2026-02-28,Electricity Bill,Software,Expense,26100.0
3327,2026-02-28,Software Subscription,Inventory,Expense,29894.0
3328,2026-02-28,Office Rent,Salaries,Expense,14586.0
3329,2026-02-28,Online Sale,Sales,Income,21375.0
3330,2026-02-28,Office Supplies,Travel,Expense,13649.0
3331,2026-02-28,Software Subscription,Travel,Expense,30894.0
3332,2026-02-28,Travel Expense,Office,Expense,14896.0
3333,2026-02-28,Online Sale,Sales,Income,32073.0
3334,2026-03-01,Product Sale,Sales,Income,74726.0
3335,2026-03-01,Marketing Campaign,Utilities,Expense,26743.0
3336,2026-03-01,Electricity Bill,Software,Expense,31516.0
3337,2026-03-01,Office Rent,Utilities,Expense,3694.0
3338,2026-03-01,Electricity Bill,Software,Expense,32898.0
3339,2026-03-01,Electricity Bill,Salaries,Expense,5289.0
3340,2026-03-01,Marketing Campaign,Salaries,Expense,20659.0
3341,2026-03-01,Employee Salary,Salaries,Expense,5850.0
3342,2026-03-02,Electricity Bill,Office,Expense,33801.0
3343,2026-03-02,Electricity Bill,Marketing,Expense,25477.0
3344,2026-03-02,Online Sale,Sales,Income,54907.0
3345,2026-03-02,Employee Salary,Inventory,Expense,28049.0
3346,2026-03-02,Employee Salary,Travel,Expense,12842.0
3347,2026-03-02,Service Revenue,Sales,Income,47623.0
3348,2026-03-02,Customer Payment,Sales,Income,43492.0
3349,2026-03-02,Customer Payment,Sales,Income,31411.0
3350,2026-03-03,Service Revenue,Sales,Income,25534.0
3351,2026-03-03,Customer Payment,Sales,Income,34181.0
3352,2026-03-03,Product Sale,Sales,Income,24996.0
3353,2026-03-03,Employee Salary,Salaries,Expense,1799.0
3354,2026-03-03,Office Rent,Inventory,Expense,839.0
3355,2026-03-03,Online Sale,Sales,Income,34405.0
3356,2026-03-03,Service Revenue,Sales,Income,76325.0
3357,2026-03-03,Electricity Bill,Salaries,Expense,33694.0
3358,2026-03-04,Customer Payment,Sales,Income,22529.0
3359,2026-03-04,Travel Expense,Travel,Expense,1873.0
3360,2026-03-04,Inventory Purchase,Travel,Expense,7582.0
3361,2026-03-04,Office Rent,Software,Expense,26032.0
3362,2026-03-04,Service Revenue,Sales,Income,23296.0
3363,2026-03-04,Office Rent,Salaries,Expense,8093.0
3364,2026-03-04,Customer Payment,Sales,Income,5296.0
3365,2026-03-04,Inventory Purchase,Marketing,Expense,8337.0
3366,2026-03-05,Marketing Campaign,Marketing,Expense,11672.0
3367,2026-03-05,Customer Payment,Sales,Income,61782.0
3368,2026-03-05,Product Sale,Sales,Income,39229.0
3369,2026-03-05,Customer Payment,Sales,Income,58444.0
3370,2026-03-05,Electricity Bill,Utilities,Expense,23363.0
3371,2026-03-05,Customer Payment,Sales,Income,44322.0
3372,2026-03-05,Software Subscription,Travel,Expense,11434.0
3373,2026-03-06,Online Sale,Sales,Income,56667.0
3374,2026-03-06,Office Supplies,Utilities,Expense,20905.0
3375,2026-03-06,Inventory Purchase,Inventory,Expense,19248.0
3376,2026-03-06,Electricity Bill,Marketing,Expense,5730.0
3377,2026-03-06,Travel Expense,Office,Expense,22854.0
3378,2026-03-06,Service Revenue,Sales,Income,27588.0
3379,2026-03-06,Product Sale,Sales,Income,67901.0
3380,2026-03-06,Office Rent,Salaries,Expense,17888.0
3381,2026-03-07,Product Sale,Sales,Income,36645.0
3382,2026-03-07,Customer Payment,Sales,Income,12637.0
3383,2026-03-07,Customer Payment,Sales,Income,5660.0
3384,2026-03-07,Service Revenue,Sales,Income,11922.0
3385,2026-03-07,Customer Payment,Sales,Income,49721.0
3386,2026-03-07,Software Subscription,Office,Expense,34961.0
3387,2026-03-07,Customer Payment,Sales,Income,74506.0
3388,2026-03-07,Office Supplies,Marketing,Expense,29256.0
3389,2026-03-08,Product Sale,Sales,Income,32843.0
3390,2026-03-08,Employee Salary,Salaries,Expense,29416.0
3391,2026-03-08,Customer Payment,Sales,Income,68985.0
3392,2026-03-08,Travel Expense,Utilities,Expense,24050.0
3393,2026-03-08,Marketing Campaign,Salaries,Expense,3783.0
3394,2026-03-08,Product Sale,Sales,Income,78143.0
3395,2026-03-08,Travel Expense,Utilities,Expense,23712.0
3396,2026-03-08,Software Subscription,Software,Expense,29102.0
3397,2026-03-09,Office Rent,Marketing,Expense,18040.0
3398,2026-03-09,Office Rent,Office,Expense,6419.0
3399,2026-03-09,Online Sale,Sales,Income,38690.0
3400,2026-03-09,Travel Expense,Office,Expense,18176.0
3401,2026-03-09,Customer Payment,Sales,Income,25108.0
3402,2026-03-09,Customer Payment,Sales,Income,73258.0
3403,2026-03-09,Travel Expense,Salaries,Expense,9675.0
3404,2026-03-09,Product Sale,Sales,Income,51069.0
3405,2026-03-10,Office Supplies,Travel,Expense,31978.0
3406,2026-03-10,Marketing Campaign,Software,Expense,26939.0
3407,2026-03-10,Office Supplies,Marketing,Expense,30310.0
3408,2026-03-10,Electricity Bill,Travel,Expense,18802.0
3409,2026-03-10,Customer Payment,Sales,Income,28241.0
3410,2026-03-10,Customer Payment,Sales,Income,32414.0
3411,2026-03-10,Product Sale,Sales,Income,55818.0
3412,2026-03-10,Customer Payment,Sales,Income,25895.0
3413,2026-03-11,Customer Payment,Sales,Income,67409.0
3414,2026-03-11,Customer Payment,Sales,Income,60324.0
3415,2026-03-11,Marketing Campaign,Utilities,Expense,18352.0
3416,2026-03-11,Marketing Campaign,Inventory,Expense,25000.0
3417,2026-03-11,Service Revenue,Sales,Income,70453.0
3418,2026-03-11,Inventory Purchase,Inventory,Expense,23695.0
3419,2026-03-11,Customer Payment,Sales,Income,69356.0
3420,2026-03-11,Customer Payment,Sales,Income,13252.0
3421,2026-03-12,Employee Salary,Travel,Expense,12457.0
3422,2026-03-12,Travel Expense,Inventory,Expense,7608.0
3423,2026-03-12,Office Rent,Marketing,Expense,18329.0
3424,2026-03-12,Product Sale,Sales,Income,33523.0
3425,2026-03-12,Inventory Purchase,Salaries,Expense,15532.0
3426,2026-03-12,Software Subscription,Marketing,Expense,34734.0
3427,2026-03-12,Marketing Campaign,Inventory,Expense,26852.0
3428,2026-03-13,Electricity Bill,Office,Expense,30715.0
3429,2026-03-13,Electricity Bill,Salaries,Expense,9606.0
3430,2026-03-13,Marketing Campaign,Software,Expense,29266.0
3431,2026-03-13,Electricity Bill,Software,Expense,10496.0
3432,2026-03-13,Inventory Purchase,Marketing,Expense,1678.0
3433,2026-03-13,Travel Expense,Travel,Expense,16525.0
3434,2026-03-13,Online Sale,Sales,Income,54177.0
3435,2026-03-13,Office Supplies,Software,Expense,23206.0
3436,2026-03-14,Service Revenue,Sales,Income,76200.0
3437,2026-03-14,Customer Payment,Sales,Income,66501.0
3438,2026-03-14,Office Rent,Travel,Expense,9679.0
3439,2026-03-14,Office Rent,Travel,Expense,18087.0
3440,2026-03-14,Office Rent,Salaries,Expense,24233.0
3441,2026-03-14,Product Sale,Sales,Income,52994.0
3442,2026-03-14,Office Supplies,Utilities,Expense,34387.0
3443,2026-03-14,Customer Payment,Sales,Income,21978.0
3444,2026-03-15,Office Rent,Office,Expense,13419.0
3445,2026-03-15,Office Rent,Utilities,Expense,10102.0
3446,2026-03-15,Inventory Purchase,Travel,Expense,34560.0
3447,2026-03-15,Employee Salary,Office,Expense,10640.0
3448,2026-03-15,Office Rent,Office,Expense,21670.0
3449,2026-03-15,Inventory Purchase,Salaries,Expense,29330.0
3450,2026-03-15,Service Revenue,Sales,Income,79947.0
3451,2026-03-15,Inventory Purchase,Travel,Expense,31109.0
3452,2026-03-16,Travel Expense,Office,Expense,17901.0
3453,2026-03-16,Office Supplies,Software,Expense,28229.0
3454,2026-03-16,Service Revenue,Sales,Income,41163.0
3455,2026-03-16,Electricity Bill,Utilities,Expense,29547.0
3456,2026-03-16,Customer Payment,Sales,Income,70149.0
3457,2026-03-16,Office Rent,Inventory,Expense,7147.0
3458,2026-03-16,Electricity Bill,Salaries,Expense,21606.0
3459,2026-03-16,Inventory Purchase,Salaries,Expense,6515.0
3460,2026-03-17,Software Subscription,Inventory,Expense,22006.0
3461,2026-03-17,Online Sale,Sales,Income,75393.0
3462,2026-03-17,Online Sale,Sales,Income,17118.0
3463,2026-03-17,Inventory Purchase,Inventory,Expense,32219.0
3464,2026-03-17,Inventory Purchase,Marketing,Expense,29828.0
3465,2026-03-17,Online Sale,Sales,Income,59176.0
3466,2026-03-17,Electricity Bill,Salaries,Expense,32385.0
3467,2026-03-17,Employee Salary,Salaries,Expense,21769.0
3468,2026-03-18,Marketing Campaign,Marketing,Expense,3614.0
3469,2026-03-18,Electricity Bill,Office,Expense,13942.0
3470,2026-03-18,Online Sale,Sales,Income,43665.0
3471,2026-03-18,Customer Payment,Sales,Income,79510.0
3472,2026-03-18,Inventory Purchase,Office,Expense,31817.0
3473,2026-03-18,Marketing Campaign,Inventory,Expense,24396.0
3474,2026-03-18,Inventory Purchase,Inventory,Expense,28655.0
3475,2026-03-18,Marketing Campaign,Salaries,Expense,18788.0
3476,2026-03-19,Employee Salary,Software,Expense,21915.0
3477,2026-03-19,Employee Salary,Office,Expense,11751.0
3478,2026-03-19,Marketing Campaign,Software,Expense,26074.0
3479,2026-03-19,Inventory Purchase,Utilities,Expense,10123.0
3480,2026-03-19,Service Revenue,Sales,Income,66536.0
3481,2026-03-19,Service Revenue,Sales,Income,17150.0
3482,2026-03-19,Inventory Purchase,Utilities,Expense,3561.0
3483,2026-03-19,Customer Payment,Sales,Income,24781.0
3484,2026-03-20,Software Subscription,Utilities,Expense,16861.0
3485,2026-03-20,Marketing Campaign,Inventory,Expense,16407.0
3486,2026-03-20,Inventory Purchase,Utilities,Expense,20105.0
3487,2026-03-20,Service Revenue,Sales,Income,78469.0
3488,2026-03-20,Product Sale,Sales,Income,14436.0
3489,2026-03-20,Customer Payment,Sales,Income,22669.0
3490,2026-03-20,Customer Payment,Sales,Income,77010.0
3491,2026-03-21,Online Sale,Sales,Income,6843.0
3492,2026-03-21,Electricity Bill,Inventory,Expense,30267.0
3493,2026-03-21,Inventory Purchase,Office,Expense,15710.0
3494,2026-03-21,Software Subscription,Travel,Expense,24659.0
3495,2026-03-21,Software Subscription,Marketing,Expense,8064.0
3496,2026-03-21,Product Sale,Sales,Income,30395.0
3497,2026-03-21,Office Supplies,Software,Expense,28446.0
3498,2026-03-21,Inventory Purchase,Salaries,Expense,3864.0
3499,2026-03-22,Product Sale,Sales,Income,53889.0
3500,2026-03-22,Electricity Bill,Utilities,Expense,11979.0
3501,2026-03-22,Product Sale,Sales,Income,50510.0
3502,2026-03-22,Travel Expense,Office,Expense,2952.0
3503,2026-03-22,Software Subscription,Software,Expense,22172.0
3504,2026-03-22,Online Sale,Sales,Income,50913.0
3505,2026-03-22,Software Subscription,Inventory,Expense,14365.0
3506,2026-03-22,Office Supplies,Software,Expense,25845.0
3507,2026-03-23,Software Subscription,Inventory,Expense,20859.0
3508,2026-03-23,Marketing Campaign,Marketing,Expense,9299.0
3509,2026-03-23,Office Supplies,Salaries,Expense,23553.0
3510,2026-03-23,Online Sale,Sales,Income,10741.0
3511,2026-03-23,Customer Payment,Sales,Income,21661.0
3512,2026-03-23,Customer Payment,Sales,Income,33690.0
3513,2026-03-23,Employee Salary,Utilities,Expense,9157.0
3514,2026-03-23,Electricity Bill,Travel,Expense,22451.0
3515,2026-03-24,Software Subscription,Inventory,Expense,32563.0
3516,2026-03-24,Travel Expense,Salaries,Expense,33243.0
3517,2026-03-24,Online Sale,Sales,Income,45209.0
3518,2026-03-24,Customer Payment,Sales,Income,19440.0
3519,2026-03-24,Online Sale,Sales,Income,12960.0
3520,2026-03-24,Service Revenue,Sales,Income,27462.0
3521,2026-03-24,Online Sale,Sales,Income,22821.0
3522,2026-03-24,Electricity Bill,Inventory,Expense,4434.0
3523,2026-03-25,Customer Payment,Sales,Income,32258.0
3524,2026-03-25,Product Sale,Sales,Income,67524.0
3525,2026-03-25,Service Revenue,Sales,Income,27115.0
3526,2026-03-25,Service Revenue,Sales,Income,51433.0
3527,2026-03-25,Office Supplies,Marketing,Expense,27858.0
3528,2026-03-25,Electricity Bill,Salaries,Expense,1277.0
3529,2026-03-25,Employee Salary,Salaries,Expense,20263.0
3530,2026-03-25,Customer Payment,Sales,Income,18311.0
3531,2026-03-26,Customer Payment,Sales,Income,35531.0
3532,2026-03-26,Travel Expense,Salaries,Expense,2939.0
3533,2026-03-26,Service Revenue,Sales,Income,54416.0
3534,2026-03-26,Online Sale,Sales,Income,17380.0
3535,2026-03-26,Product Sale,Sales,Income,47645.0
3536,2026-03-26,Product Sale,Sales,Income,22818.0
3537,2026-03-26,Customer Payment,Sales,Income,35857.0
3538,2026-03-26,Service Revenue,Sales,Income,26711.0
3539,2026-03-27,Inventory Purchase,Inventory,Expense,34212.0
3540,2026-03-27,Service Revenue,Sales,Income,33393.0
3541,2026-03-27,Customer Payment,Sales,Income,27076.0
3542,2026-03-27,Office Rent,Marketing,Expense,31044.0
3543,2026-03-27,Service Revenue,Sales,Income,34317.0
3544,2026-03-27,Service Revenue,Sales,Income,63480.0
3545,2026-03-27,Electricity Bill,Salaries,Expense,30583.0
3546,2026-03-28,Product Sale,Sales,Income,76033.0
3547,2026-03-28,Service Revenue,Sales,Income,60486.0
3548,2026-03-28,Software Subscription,Salaries,Expense,10849.0
3549,2026-03-28,Online Sale,Sales,Income,34882.0
3550,2026-03-28,Marketing Campaign,Travel,Expense,9960.0
3551,2026-03-28,Electricity Bill,Travel,Expense,29025.0
3552,2026-03-28,Online Sale,Sales,Income,48826.0
3553,2026-03-28,Electricity Bill,Marketing,Expense,14998.0
3554,2026-03-29,Office Rent,Office,Expense,19491.0
3555,2026-03-29,Online Sale,Sales,Income,37543.0
3556,2026-03-29,Office Supplies,Inventory,Expense,8160.0
3557,2026-03-29,Online Sale,Sales,Income,32315.0
3558,2026-03-29,Office Rent,Travel,Expense,738.0
3559,2026-03-29,Product Sale,Sales,Income,15057.0
3560,2026-03-29,Inventory Purchase,Software,Expense,9838.0
3561,2026-03-29,Online Sale,Sales,Income,26061.0
3562,2026-03-30,Inventory Purchase,Utilities,Expense,12143.0
3563,2026-03-30,Customer Payment,Sales,Income,39157.0
3564,2026-03-30,Product Sale,Sales,Income,16322.0
3565,2026-03-30,Office Supplies,Utilities,Expense,27644.0
3566,2026-03-30,Inventory Purchase,Marketing,Expense,12821.0
3567,2026-03-30,Office Rent,Inventory,Expense,29756.0
3568,2026-03-30,Marketing Campaign,Utilities,Expense,23985.0
3569,2026-03-30,Inventory Purchase,Salaries,Expense,3360.0
3570,2026-03-31,Travel Expense,Travel,Expense,15419.0
3571,2026-03-31,Online Sale,Sales,Income,13245.0
3572,2026-03-31,Software Subscription,Salaries,Expense,8911.0
3573,2026-03-31,Marketing Campaign,Travel,Expense,10086.0
3574,2026-03-31,Inventory Purchase,Inventory,Expense,24812.0
3575,2026-03-31,Employee Salary,Inventory,Expense,23555.0
3576,2026-03-31,Product Sale,Sales,Income,45721.0
3577,2026-03-31,Service Revenue,Sales,Income,42145.0
3578,2026-04-01,Electricity Bill,Inventory,Expense,29425.0
3579,2026-04-01,Marketing Campaign,Marketing,Expense,3589.0
3580,2026-04-01,Travel Expense,Marketing,Expense,14742.0
3581,2026-04-01,Office Supplies,Marketing,Expense,16933.0
3582,2026-04-01,Employee Salary,Inventory,Expense,33782.0
3583,2026-04-01,Online Sale,Sales,Income,15208.0
3584,2026-04-01,Employee Salary,Software,Expense,5171.0
3585,2026-04-01,Customer Payment,Sales,Income,54492.0
3586,2026-04-02,Service Revenue,Sales,Income,25951.0
3587,2026-04-02,Office Supplies,Utilities,Expense,21742.0
3588,2026-04-02,Employee Salary,Software,Expense,15731.0
3589,2026-04-02,Customer Payment,Sales,Income,62014.0
3590,2026-04-02,Online Sale,Sales,Income,33351.0
3591,2026-04-02,Software Subscription,Office,Expense,22556.0
3592,2026-04-02,Online Sale,Sales,Income,14308.0
3593,2026-04-02,Travel Expense,Inventory,Expense,26540.0
3594,2026-04-03,Employee Salary,Salaries,Expense,25782.0
3595,2026-04-03,Office Supplies,Travel,Expense,26701.0
3596,2026-04-03,Marketing Campaign,Utilities,Expense,7333.0
3597,2026-04-03,Customer Payment,Sales,Income,47940.0
3598,2026-04-03,Electricity Bill,Marketing,Expense,25007.0
3599,2026-04-03,Service Revenue,Sales,Income,52113.0
3600,2026-04-03,Office Supplies,Office,Expense,25430.0
3601,2026-04-04,Service Revenue,Sales,Income,43203.0
3602,2026-04-04,Marketing Campaign,Software,Expense,1482.0
3603,2026-04-04,Service Revenue,Sales,Income,30905.0
3604,2026-04-04,Service Revenue,Sales,Income,78508.0
3605,2026-04-04,Service Revenue,Sales,Income,55385.0
3606,2026-04-04,Online Sale,Sales,Income,35653.0
3607,2026-04-04,Electricity Bill,Software,Expense,23531.0
3608,2026-04-04,Online Sale,Sales,Income,65103.0
3609,2026-04-05,Software Subscription,Office,Expense,17814.0
3610,2026-04-05,Office Rent,Inventory,Expense,27832.0
3611,2026-04-05,Marketing Campaign,Salaries,Expense,18830.0
3612,2026-04-05,Service Revenue,Sales,Income,25234.0
3613,2026-04-05,Online Sale,Sales,Income,26381.0
3614,2026-04-05,Office Rent,Software,Expense,3860.0
3615,2026-04-05,Customer Payment,Sales,Income,54892.0
3616,2026-04-05,Customer Payment,Sales,Income,55521.0
3617,2026-04-06,Office Supplies,Marketing,Expense,9657.0
3618,2026-04-06,Inventory Purchase,Utilities,Expense,14146.0
3619,2026-04-06,Electricity Bill,Marketing,Expense,29524.0
3620,2026-04-06,Online Sale,Sales,Income,35985.0
3621,2026-04-06,Employee Salary,Inventory,Expense,23702.0
3622,2026-04-06,Service Revenue,Sales,Income,78527.0
3623,2026-04-06,Service Revenue,Sales,Income,20439.0
3624,2026-04-06,Travel Expense,Office,Expense,13441.0
3625,2026-04-07,Online Sale,Sales,Income,32659.0
3626,2026-04-07,Online Sale,Sales,Income,29976.0
3627,2026-04-07,Customer Payment,Sales,Income,72865.0
3628,2026-04-07,Marketing Campaign,Marketing,Expense,21748.0
3629,2026-04-07,Electricity Bill,Inventory,Expense,5527.0
3630,2026-04-07,Electricity Bill,Software,Expense,4760.0
3631,2026-04-07,Electricity Bill,Office,Expense,9512.0
3632,2026-04-07,Customer Payment,Sales,Income,54044.0
3633,2026-04-08,Office Rent,Salaries,Expense,8815.0
3634,2026-04-08,Service Revenue,Sales,Income,5569.0
3635,2026-04-08,Online Sale,Sales,Income,64900.0
3636,2026-04-08,Office Rent,Office,Expense,25599.0
3637,2026-04-08,Marketing Campaign,Inventory,Expense,31876.0
3638,2026-04-08,Online Sale,Sales,Income,54088.0
3639,2026-04-08,Customer Payment,Sales,Income,78177.0
3640,2026-04-08,Service Revenue,Sales,Income,79466.0
3641,2026-04-09,Service Revenue,Sales,Income,77216.0
3642,2026-04-09,Office Supplies,Inventory,Expense,22288.0
3643,2026-04-09,Marketing Campaign,Travel,Expense,21001.0
3644,2026-04-09,Office Supplies,Marketing,Expense,12953.0
3645,2026-04-09,Marketing Campaign,Inventory,Expense,15710.0
3646,2026-04-09,Online Sale,Sales,Income,33757.0
3647,2026-04-09,Travel Expense,Travel,Expense,27881.0
3648,2026-04-09,Product Sale,Sales,Income,61151.0
3649,2026-04-10,Electricity Bill,Software,Expense,21642.0
3650,2026-04-10,Travel Expense,Marketing,Expense,9416.0
3651,2026-04-10,Office Rent,Travel,Expense,875.0
3652,2026-04-10,Customer Payment,Sales,Income,56455.0
3653,2026-04-10,Software Subscription,Utilities,Expense,24297.0
3654,2026-04-10,Product Sale,Sales,Income,79527.0
3655,2026-04-10,Customer Payment,Sales,Income,48066.0
3656,2026-04-11,Product Sale,Sales,Income,45004.0
3657,2026-04-11,Product Sale,Sales,Income,43333.0
3658,2026-04-11,Electricity Bill,Inventory,Expense,31240.0
3659,2026-04-11,Inventory Purchase,Utilities,Expense,20484.0
3660,2026-04-11,Travel Expense,Marketing,Expense,550.0
3661,2026-04-11,Marketing Campaign,Office,Expense,7090.0
3662,2026-04-11,Software Subscription,Salaries,Expense,15662.0
3663,2026-04-11,Online Sale,Sales,Income,60063.0
3664,2026-04-12,Product Sale,Sales,Income,30921.0
3665,2026-04-12,Travel Expense,Travel,Expense,22121.0
3666,2026-04-12,Service Revenue,Sales,Income,67781.0
3667,2026-04-12,Office Supplies,Salaries,Expense,24937.0
3668,2026-04-12,Service Revenue,Sales,Income,15638.0
3669,2026-04-12,Online Sale,Sales,Income,43596.0
3670,2026-04-12,Product Sale,Sales,Income,49324.0
3671,2026-04-12,Service Revenue,Sales,Income,37642.0
3672,2026-04-13,Product Sale,Sales,Income,30378.0
3673,2026-04-13,Software Subscription,Utilities,Expense,8667.0
3674,2026-04-13,Online Sale,Sales,Income,78686.0
3675,2026-04-13,Employee Salary,Travel,Expense,21664.0
3676,2026-04-13,Online Sale,Sales,Income,69377.0
3677,2026-04-13,Product Sale,Sales,Income,59691.0
3678,2026-04-13,Service Revenue,Sales,Income,69303.0
3679,2026-04-13,Office Supplies,Marketing,Expense,6859.0
3680,2026-04-14,Online Sale,Sales,Income,54063.0
3681,2026-04-14,Office Rent,Software,Expense,29294.0
3682,2026-04-14,Product Sale,Sales,Income,36357.0
3683,2026-04-14,Travel Expense,Travel,Expense,9832.0
3684,2026-04-14,Product Sale,Sales,Income,37314.0
3685,2026-04-14,Electricity Bill,Marketing,Expense,12901.0
3686,2026-04-14,Office Supplies,Office,Expense,29872.0
3687,2026-04-14,Travel Expense,Travel,Expense,2839.0
3688,2026-04-15,Customer Payment,Sales,Income,52006.0
3689,2026-04-15,Product Sale,Sales,Income,65011.0
3690,2026-04-15,Customer Payment,Sales,Income,15686.0
3691,2026-04-15,Electricity Bill,Office,Expense,23591.0
3692,2026-04-15,Office Rent,Software,Expense,13817.0
3693,2026-04-15,Office Rent,Software,Expense,17262.0
3694,2026-04-15,Service Revenue,Sales,Income,57115.0
3695,2026-04-15,Customer Payment,Sales,Income,65719.0
3696,2026-04-16,Online Sale,Sales,Income,78030.0
3697,2026-04-16,Software Subscription,Travel,Expense,3100.0
3698,2026-04-16,Office Rent,Marketing,Expense,6018.0
3699,2026-04-16,Office Rent,Travel,Expense,20127.0
3700,2026-04-16,Customer Payment,Sales,Income,25422.0
3701,2026-04-16,Employee Salary,Utilities,Expense,31945.0
3702,2026-04-16,Inventory Purchase,Office,Expense,17189.0
3703,2026-04-16,Customer Payment,Sales,Income,63031.0
3704,2026-04-17,Office Rent,Salaries,Expense,30903.0
3705,2026-04-17,Office Supplies,Software,Expense,1458.0
3706,2026-04-17,Travel Expense,Travel,Expense,4038.0
3707,2026-04-17,Software Subscription,Marketing,Expense,23904.0
3708,2026-04-17,Service Revenue,Sales,Income,28457.0
3709,2026-04-17,Online Sale,Sales,Income,75572.0
3710,2026-04-17,Inventory Purchase,Marketing,Expense,13967.0
3711,2026-04-18,Product Sale,Sales,Income,12910.0
3712,2026-04-18,Office Rent,Travel,Expense,27909.0
3713,2026-04-18,Software Subscription,Salaries,Expense,12942.0
3714,2026-04-18,Marketing Campaign,Software,Expense,26790.0
3715,2026-04-18,Software Subscription,Marketing,Expense,26608.0
3716,2026-04-18,Customer Payment,Sales,Income,53700.0
3717,2026-04-18,Product Sale,Sales,Income,63105.0
3718,2026-04-18,Online Sale,Sales,Income,35505.0
3719,2026-04-19,Customer Payment,Sales,Income,78228.0
3720,2026-04-19,Product Sale,Sales,Income,33555.0
3721,2026-04-19,Customer Payment,Sales,Income,76934.0
3722,2026-04-19,Office Supplies,Office,Expense,9588.0
3723,2026-04-19,Office Rent,Travel,Expense,27944.0
3724,2026-04-19,Service Revenue,Sales,Income,16825.0
3725,2026-04-19,Product Sale,Sales,Income,29151.0
3726,2026-04-19,Software Subscription,Utilities,Expense,15889.0
3727,2026-04-20,Customer Payment,Sales,Income,44051.0
3728,2026-04-20,Service Revenue,Sales,Income,78596.0
3729,2026-04-20,Customer Payment,Sales,Income,65071.0
3730,2026-04-20,Office Supplies,Software,Expense,7759.0
3731,2026-04-20,Product Sale,Sales,Income,34873.0
3732,2026-04-20,Travel Expense,Marketing,Expense,2654.0
3733,2026-04-20,Product Sale,Sales,Income,76468.0
3734,2026-04-20,Software Subscription,Marketing,Expense,11730.0
3735,2026-04-21,Product Sale,Sales,Income,70129.0
3736,2026-04-21,Employee Salary,Office,Expense,6402.0
3737,2026-04-21,Office Supplies,Software,Expense,1722.0
3738,2026-04-21,Marketing Campaign,Salaries,Expense,27550.0
3739,2026-04-21,Office Rent,Salaries,Expense,34769.0
3740,2026-04-21,Electricity Bill,Utilities,Expense,9550.0
3741,2026-04-21,Inventory Purchase,Office,Expense,4074.0
3742,2026-04-21,Office Rent,Utilities,Expense,11657.0
3743,2026-04-22,Employee Salary,Software,Expense,20075.0
3744,2026-04-22,Service Revenue,Sales,Income,12887.0
3745,2026-04-22,Product Sale,Sales,Income,29918.0
3746,2026-04-22,Service Revenue,Sales,Income,40497.0
3747,2026-04-22,Office Rent,Marketing,Expense,31184.0
3748,2026-04-22,Product Sale,Sales,Income,16929.0
3749,2026-04-22,Customer Payment,Sales,Income,66762.0
3750,2026-04-22,Inventory Purchase,Software,Expense,18004.0
3751,2026-04-23,Employee Salary,Marketing,Expense,30541.0
3752,2026-04-23,Inventory Purchase,Marketing,Expense,11215.0
3753,2026-04-23,Customer Payment,Sales,Income,51566.0
3754,2026-04-23,Employee Salary,Travel,Expense,3870.0
3755,2026-04-23,Customer Payment,Sales,Income,57132.0
3756,2026-04-23,Online Sale,Sales,Income,33084.0
3757,2026-04-23,Customer Payment,Sales,Income,26143.0
3758,2026-04-23,Customer Payment,Sales,Income,19179.0
3759,2026-04-24,Service Revenue,Sales,Income,63726.0
3760,2026-04-24,Electricity Bill,Travel,Expense,25538.0
3761,2026-04-24,Customer Payment,Sales,Income,64965.0
3762,2026-04-24,Employee Salary,Utilities,Expense,11452.0
3763,2026-04-24,Electricity Bill,Salaries,Expense,3957.0
3764,2026-04-24,Customer Payment,Sales,Income,21116.0
3765,2026-04-24,Office Rent,Salaries,Expense,1650.0
3766,2026-04-25,Online Sale,Sales,Income,56369.0
3767,2026-04-25,Software Subscription,Marketing,Expense,33286.0
3768,2026-04-25,Service Revenue,Sales,Income,79311.0
3769,2026-04-25,Service Revenue,Sales,Income,34655.0
3770,2026-04-25,Online Sale,Sales,Income,62802.0
3771,2026-04-25,Inventory Purchase,Utilities,Expense,3171.0
3772,2026-04-25,Employee Salary,Inventory,Expense,31717.0
3773,2026-04-25,Online Sale,Sales,Income,35776.0
3774,2026-04-26,Software Subscription,Software,Expense,22383.0
3775,2026-04-26,Marketing Campaign,Travel,Expense,33782.0
3776,2026-04-26,Marketing Campaign,Office,Expense,33474.0
3777,2026-04-26,Electricity Bill,Travel,Expense,34215.0
3778,2026-04-26,Marketing Campaign,Salaries,Expense,15880.0
3779,2026-04-26,Employee Salary,Inventory,Expense,18712.0
3780,2026-04-26,Marketing Campaign,Salaries,Expense,28674.0
3781,2026-04-26,Customer Payment,Sales,Income,66807.0
3782,2026-04-27,Online Sale,Sales,Income,28086.0
3783,2026-04-27,Customer Payment,Sales,Income,32207.0
3784,2026-04-27,Software Subscription,Inventory,Expense,22810.0
3785,2026-04-27,Travel Expense,Travel,Expense,6443.0
3786,2026-04-27,Online Sale,Sales,Income,71957.0
3787,2026-04-27,Office Supplies,Office,Expense,9293.0
3788,2026-04-27,Software Subscription,Inventory,Expense,25787.0
3789,2026-04-27,Product Sale,Sales,Income,20487.0
3790,2026-04-28,Travel Expense,Marketing,Expense,31869.0
3791,2026-04-28,Service Revenue,Sales,Income,40050.0
3792,2026-04-28,Product Sale,Sales,Income,13744.0
3793,2026-04-28,Software Subscription,Utilities,Expense,23510.0
3794,2026-04-28,Software Subscription,Software,Expense,20614.0
3795,2026-04-28,Service Revenue,Sales,Income,30146.0
3796,2026-04-28,Travel Expense,Salaries,Expense,21625.0
3797,2026-04-28,Travel Expense,Salaries,Expense,29058.0
3798,2026-04-29,Customer Payment,Sales,Income,51103.0
3799,2026-04-29,Customer Payment,Sales,Income,26976.0
3800,2026-04-29,Office Supplies,Travel,Expense,23080.0
3801,2026-04-29,Customer Payment,Sales,Income,5591.0
3802,2026-04-29,Office Supplies,Marketing,Expense,25119.0
3803,2026-04-29,Software Subscription,Salaries,Expense,14369.0
3804,2026-04-29,Office Rent,Salaries,Expense,1158.0
3805,2026-04-29,Product Sale,Sales,Income,70883.0
3806,2026-04-30,Travel Expense,Travel,Expense,13835.0
3807,2026-04-30,Service Revenue,Sales,Income,42211.0
3808,2026-04-30,Service Revenue,Sales,Income,46542.0
3809,2026-04-30,Service Revenue,Sales,Income,11869.0
3810,2026-04-30,Online Sale,Sales,Income,69732.0
3811,2026-04-30,Marketing Campaign,Inventory,Expense,11758.0
3812,2026-04-30,Employee Salary,Inventory,Expense,31027.0
3813,2026-04-30,Service Revenue,Sales,Income,62016.0
3814,2026-05-01,Employee Salary,Inventory,Expense,20014.0
3815,2026-05-01,Customer Payment,Sales,Income,39033.0
3816,2026-05-01,Travel Expense,Software,Expense,29597.0
3817,2026-05-01,Online Sale,Sales,Income,66993.0
3818,2026-05-01,Marketing Campaign,Inventory,Expense,25561.0
3819,2026-05-01,Travel Expense,Inventory,Expense,10447.0
3820,2026-05-01,Office Rent,Inventory,Expense,16044.0
3821,2026-05-02,Service Revenue,Sales,Income,23961.0
3822,2026-05-02,Product Sale,Sales,Income,25044.0
3823,2026-05-02,Electricity Bill,Marketing,Expense,33132.0
3824,2026-05-02,Online Sale,Sales,Income,19706.0
3825,2026-05-02,Service Revenue,Sales,Income,10974.0
3826,2026-05-02,Service Revenue,Sales,Income,26213.0
3827,2026-05-02,Office Rent,Travel,Expense,32258.0
3828,2026-05-02,Inventory Purchase,Utilities,Expense,33318.0
3829,2026-05-03,Travel Expense,Utilities,Expense,6952.0
3830,2026-05-03,Customer Payment,Sales,Income,67744.0
3831,2026-05-03,Online Sale,Sales,Income,22771.0
3832,2026-05-03,Software Subscription,Salaries,Expense,16339.0
3833,2026-05-03,Inventory Purchase,Inventory,Expense,2655.0
3834,2026-05-03,Online Sale,Sales,Income,57076.0
3835,2026-05-03,Office Rent,Utilities,Expense,21114.0
3836,2026-05-03,Online Sale,Sales,Income,62623.0
3837,2026-05-04,Inventory Purchase,Inventory,Expense,11428.0
3838,2026-05-04,Service Revenue,Sales,Income,39386.0
3839,2026-05-04,Software Subscription,Travel,Expense,21081.0
3840,2026-05-04,Electricity Bill,Software,Expense,14419.0
3841,2026-05-04,Employee Salary,Salaries,Expense,4999.0
3842,2026-05-04,Product Sale,Sales,Income,36589.0
3843,2026-05-04,Electricity Bill,Salaries,Expense,30192.0
3844,2026-05-04,Product Sale,Sales,Income,28447.0
3845,2026-05-05,Customer Payment,Sales,Income,59708.0
3846,2026-05-05,Electricity Bill,Travel,Expense,24585.0
3847,2026-05-05,Electricity Bill,Salaries,Expense,23425.0
3848,2026-05-05,Marketing Campaign,Travel,Expense,6115.0
3849,2026-05-05,Travel Expense,Inventory,Expense,3283.0
3850,2026-05-05,Online Sale,Sales,Income,60309.0
3851,2026-05-05,Service Revenue,Sales,Income,69230.0
3852,2026-05-05,Customer Payment,Sales,Income,46628.0
3853,2026-05-06,Employee Salary,Salaries,Expense,32356.0
3854,2026-05-06,Travel Expense,Office,Expense,3346.0
3855,2026-05-06,Office Rent,Utilities,Expense,34197.0
3856,2026-05-06,Online Sale,Sales,Income,74157.0
3857,2026-05-06,Online Sale,Sales,Income,37442.0
3858,2026-05-06,Office Rent,Software,Expense,22937.0
3859,2026-05-06,Online Sale,Sales,Income,52650.0
3860,2026-05-06,Inventory Purchase,Marketing,Expense,24743.0
3861,2026-05-07,Electricity Bill,Software,Expense,29484.0
3862,2026-05-07,Software Subscription,Inventory,Expense,6333.0
3863,2026-05-07,Customer Payment,Sales,Income,56801.0
3864,2026-05-07,Service Revenue,Sales,Income,67771.0
3865,2026-05-07,Service Revenue,Sales,Income,53135.0
3866,2026-05-07,Service Revenue,Sales,Income,24199.0
3867,2026-05-07,Customer Payment,Sales,Income,14066.0
3868,2026-05-07,Office Rent,Utilities,Expense,12821.0
3869,2026-05-08,Electricity Bill,Inventory,Expense,32907.0
3870,2026-05-08,Service Revenue,Sales,Income,51733.0
3871,2026-05-08,Product Sale,Sales,Income,21991.0
3872,2026-05-08,Customer Payment,Sales,Income,27553.0
3873,2026-05-08,Service Revenue,Sales,Income,5634.0
3874,2026-05-08,Software Subscription,Office,Expense,3987.0
3875,2026-05-08,Customer Payment,Sales,Income,23298.0
3876,2026-05-08,Customer Payment,Sales,Income,40999.0
3877,2026-05-09,Online Sale,Sales,Income,76887.0
3878,2026-05-09,Inventory Purchase,Travel,Expense,5995.0
3879,2026-05-09,Travel Expense,Office,Expense,19181.0
3880,2026-05-09,Product Sale,Sales,Income,74374.0
3881,2026-05-09,Office Rent,Software,Expense,8969.0
3882,2026-05-09,Office Supplies,Marketing,Expense,16702.0
3883,2026-05-09,Office Rent,Utilities,Expense,20428.0
3884,2026-05-10,Product Sale,Sales,Income,48039.0
3885,2026-05-10,Inventory Purchase,Travel,Expense,17275.0
3886,2026-05-10,Marketing Campaign,Office,Expense,1468.0
3887,2026-05-10,Inventory Purchase,Inventory,Expense,10882.0
3888,2026-05-10,Employee Salary,Inventory,Expense,5651.0
3889,2026-05-10,Employee Salary,Inventory,Expense,27304.0
3890,2026-05-10,Service Revenue,Sales,Income,44551.0
3891,2026-05-10,Inventory Purchase,Utilities,Expense,21248.0
3892,2026-05-11,Travel Expense,Marketing,Expense,20191.0
3893,2026-05-11,Employee Salary,Utilities,Expense,32520.0
3894,2026-05-11,Customer Payment,Sales,Income,33878.0
3895,2026-05-11,Marketing Campaign,Inventory,Expense,6625.0
3896,2026-05-11,Office Rent,Marketing,Expense,4870.0
3897,2026-05-11,Service Revenue,Sales,Income,32180.0
3898,2026-05-11,Travel Expense,Inventory,Expense,3634.0
3899,2026-05-11,Office Supplies,Utilities,Expense,12056.0
3900,2026-05-12,Software Subscription,Travel,Expense,34322.0
3901,2026-05-12,Online Sale,Sales,Income,32360.0
3902,2026-05-12,Service Revenue,Sales,Income,42805.0
3903,2026-05-12,Travel Expense,Inventory,Expense,31066.0
3904,2026-05-12,Online Sale,Sales,Income,27703.0
3905,2026-05-12,Inventory Purchase,Inventory,Expense,16581.0
3906,2026-05-12,Software Subscription,Utilities,Expense,13438.0
3907,2026-05-12,Office Supplies,Salaries,Expense,6217.0
3908,2026-05-13,Customer Payment,Sales,Income,53268.0
3909,2026-05-13,Employee Salary,Software,Expense,14701.0
3910,2026-05-13,Product Sale,Sales,Income,36159.0
3911,2026-05-13,Online Sale,Sales,Income,47039.0
3912,2026-05-13,Product Sale,Sales,Income,52800.0
3913,2026-05-13,Online Sale,Sales,Income,45761.0
3914,2026-05-13,Software Subscription,Salaries,Expense,17012.0
3915,2026-05-13,Travel Expense,Inventory,Expense,29427.0
3916,2026-05-14,Online Sale,Sales,Income,40367.0
3917,2026-05-14,Employee Salary,Marketing,Expense,21210.0
3918,2026-05-14,Service Revenue,Sales,Income,64894.0
3919,2026-05-14,Electricity Bill,Utilities,Expense,13948.0
3920,2026-05-14,Travel Expense,Office,Expense,15698.0
3921,2026-05-14,Travel Expense,Software,Expense,8122.0
3922,2026-05-14,Product Sale,Sales,Income,46190.0
3923,2026-05-14,Travel Expense,Travel,Expense,28967.0
3924,2026-05-15,Online Sale,Sales,Income,42018.0
3925,2026-05-15,Employee Salary,Utilities,Expense,19018.0
3926,2026-05-15,Service Revenue,Sales,Income,21498.0
3927,2026-05-15,Employee Salary,Travel,Expense,29436.0
3928,2026-05-15,Software Subscription,Inventory,Expense,20787.0
3929,2026-05-15,Employee Salary,Marketing,Expense,25976.0
3930,2026-05-15,Product Sale,Sales,Income,35099.0
3931,2026-05-15,Inventory Purchase,Utilities,Expense,11186.0
3932,2026-05-16,Online Sale,Sales,Income,28482.0
3933,2026-05-16,Travel Expense,Utilities,Expense,34562.0
3934,2026-05-16,Service Revenue,Sales,Income,60261.0
3935,2026-05-16,Service Revenue,Sales,Income,35048.0
3936,2026-05-16,Travel Expense,Inventory,Expense,22173.0
3937,2026-05-16,Service Revenue,Sales,Income,7036.0
3938,2026-05-16,Customer Payment,Sales,Income,40814.0
3939,2026-05-17,Online Sale,Sales,Income,64694.0
3940,2026-05-17,Product Sale,Sales,Income,21924.0
3941,2026-05-17,Office Rent,Salaries,Expense,25563.0
3942,2026-05-17,Office Supplies,Utilities,Expense,19822.0
3943,2026-05-17,Online Sale,Sales,Income,26518.0
3944,2026-05-17,Service Revenue,Sales,Income,22059.0
3945,2026-05-17,Online Sale,Sales,Income,28052.0
3946,2026-05-17,Product Sale,Sales,Income,74803.0
3947,2026-05-18,Marketing Campaign,Inventory,Expense,13151.0
3948,2026-05-18,Marketing Campaign,Marketing,Expense,26466.0
3949,2026-05-18,Service Revenue,Sales,Income,72021.0
3950,2026-05-18,Online Sale,Sales,Income,25043.0
3951,2026-05-18,Service Revenue,Sales,Income,7419.0
3952,2026-05-18,Software Subscription,Inventory,Expense,7432.0
3953,2026-05-18,Employee Salary,Inventory,Expense,14748.0
3954,2026-05-18,Online Sale,Sales,Income,48484.0
3955,2026-05-19,Online Sale,Sales,Income,68869.0
3956,2026-05-19,Travel Expense,Office,Expense,24855.0
3957,2026-05-19,Employee Salary,Marketing,Expense,15499.0
3958,2026-05-19,Customer Payment,Sales,Income,11487.0
3959,2026-05-19,Customer Payment,Sales,Income,65692.0
3960,2026-05-19,Customer Payment,Sales,Income,67112.0
3961,2026-05-19,Marketing Campaign,Salaries,Expense,26233.0
3962,2026-05-19,Online Sale,Sales,Income,21360.0
3963,2026-05-20,Product Sale,Sales,Income,54410.0
3964,2026-05-20,Electricity Bill,Utilities,Expense,21115.0
3965,2026-05-20,Online Sale,Sales,Income,8017.0
3966,2026-05-20,Travel Expense,Inventory,Expense,3524.0
3967,2026-05-20,Customer Payment,Sales,Income,55949.0
3968,2026-05-20,Online Sale,Sales,Income,63268.0
3969,2026-05-20,Inventory Purchase,Marketing,Expense,9547.0
3970,2026-05-20,Online Sale,Sales,Income,36127.0
3971,2026-05-21,Office Rent,Software,Expense,7077.0
3972,2026-05-21,Office Rent,Utilities,Expense,18135.0
3973,2026-05-21,Product Sale,Sales,Income,54714.0
3974,2026-05-21,Office Supplies,Travel,Expense,34594.0
3975,2026-05-21,Product Sale,Sales,Income,9746.0
3976,2026-05-21,Travel Expense,Marketing,Expense,18102.0
3977,2026-05-21,Online Sale,Sales,Income,70350.0
3978,2026-05-21,Travel Expense,Marketing,Expense,22843.0
3979,2026-05-22,Customer Payment,Sales,Income,54220.0
3980,2026-05-22,Service Revenue,Sales,Income,27063.0
3981,2026-05-22,Employee Salary,Travel,Expense,18161.0
3982,2026-05-22,Employee Salary,Marketing,Expense,17282.0
3983,2026-05-22,Online Sale,Sales,Income,8598.0
3984,2026-05-22,Customer Payment,Sales,Income,15564.0
3985,2026-05-22,Office Supplies,Travel,Expense,22565.0
3986,2026-05-22,Travel Expense,Utilities,Expense,11344.0
3987,2026-05-23,Service Revenue,Sales,Income,67085.0
3988,2026-05-23,Electricity Bill,Utilities,Expense,25897.0
3989,2026-05-23,Service Revenue,Sales,Income,15265.0
3990,2026-05-23,Software Subscription,Marketing,Expense,30215.0
3991,2026-05-23,Customer Payment,Sales,Income,60279.0
3992,2026-05-23,Online Sale,Sales,Income,67471.0
3993,2026-05-23,Marketing Campaign,Software,Expense,26972.0
3994,2026-05-24,Online Sale,Sales,Income,60828.0
3995,2026-05-24,Office Rent,Utilities,Expense,12955.0
3996,2026-05-24,Service Revenue,Sales,Income,45934.0
3997,2026-05-24,Product Sale,Sales,Income,11050.0
3998,2026-05-24,Product Sale,Sales,Income,48952.0
3999,2026-05-24,Software Subscription,Utilities,Expense,11319.0
4000,2026-05-24,Product Sale,Sales,Income,67648.0
4001,2026-05-24,Inventory Purchase,Marketing,Expense,17833.0
4002,2026-05-25,Marketing Campaign,Utilities,Expense,12200.0
4003,2026-05-25,Electricity Bill,Marketing,Expense,32292.0
4004,2026-05-25,Product Sale,Sales,Income,40361.0
4005,2026-05-25,Service Revenue,Sales,Income,15315.0
4006,2026-05-25,Online Sale,Sales,Income,52968.0
4007,2026-05-25,Online Sale,Sales,Income,31519.0
4008,2026-05-25,Service Revenue,Sales,Income,14107.0
4009,2026-05-25,Employee Salary,Utilities,Expense,13313.0
4010,2026-05-26,Service Revenue,Sales,Income,8869.0
4011,2026-05-26,Product Sale,Sales,Income,32370.0
4012,2026-05-26,Service Revenue,Sales,Income,67695.0
4013,2026-05-26,Inventory Purchase,Software,Expense,5899.0
4014,2026-05-26,Service Revenue,Sales,Income,12971.0
4015,2026-05-26,Marketing Campaign,Marketing,Expense,20695.0
4016,2026-05-26,Online Sale,Sales,Income,61974.0
4017,2026-05-26,Marketing Campaign,Utilities,Expense,24193.0
4018,2026-05-27,Travel Expense,Office,Expense,2354.0
4019,2026-05-27,Online Sale,Sales,Income,8823.0
4020,2026-05-27,Product Sale,Sales,Income,18454.0
4021,2026-05-27,Service Revenue,Sales,Income,8932.0
4022,2026-05-27,Customer Payment,Sales,Income,15220.0
4023,2026-05-27,Employee Salary,Inventory,Expense,19780.0
4024,2026-05-27,Employee Salary,Travel,Expense,34522.0
4025,2026-05-27,Electricity Bill,Software,Expense,16167.0
4026,2026-05-28,Employee Salary,Software,Expense,18565.0
4027,2026-05-28,Online Sale,Sales,Income,15510.0
4028,2026-05-28,Online Sale,Sales,Income,49045.0
4029,2026-05-28,Inventory Purchase,Software,Expense,6783.0
4030,2026-05-28,Service Revenue,Sales,Income,77683.0
4031,2026-05-28,Office Supplies,Travel,Expense,31283.0
4032,2026-05-28,Online Sale,Sales,Income,77254.0
4033,2026-05-28,Service Revenue,Sales,Income,18782.0
4034,2026-05-29,Office Supplies,Office,Expense,31800.0
4035,2026-05-29,Product Sale,Sales,Income,27072.0
4036,2026-05-29,Electricity Bill,Salaries,Expense,29396.0
4037,2026-05-29,Marketing Campaign,Utilities,Expense,28106.0
4038,2026-05-29,Inventory Purchase,Marketing,Expense,8051.0
4039,2026-05-29,Office Supplies,Software,Expense,2746.0
4040,2026-05-29,Inventory Purchase,Marketing,Expense,8149.0
4041,2026-05-29,Travel Expense,Travel,Expense,1388.0
4042,2026-05-30,Online Sale,Sales,Income,28259.0
4043,2026-05-30,Office Rent,Software,Expense,11575.0
4044,2026-05-30,Electricity Bill,Salaries,Expense,23199.0
4045,2026-05-30,Product Sale,Sales,Income,12043.0
4046,2026-05-30,Online Sale,Sales,Income,55430.0
4047,2026-05-30,Service Revenue,Sales,Income,43893.0
4048,2026-05-30,Software Subscription,Office,Expense,1742.0
4049,2026-05-31,Travel Expense,Salaries,Expense,30585.0
4050,2026-05-31,Product Sale,Sales,Income,31309.0
4051,2026-05-31,Office Rent,Inventory,Expense,18809.0
4052,2026-05-31,Marketing Campaign,Utilities,Expense,31271.0
4053,2026-05-31,Travel Expense,Software,Expense,27138.0
4054,2026-05-31,Marketing Campaign,Office,Expense,22115.0
4055,2026-05-31,Office Rent,Marketing,Expense,8539.0
4056,2026-05-31,Online Sale,Sales,Income,28880.0
4057,2026-06-01,Travel Expense,Office,Expense,34854.0
4058,2026-06-01,Online Sale,Sales,Income,6502.0
4059,2026-06-01,Travel Expense,Utilities,Expense,24499.0
4060,2026-06-01,Marketing Campaign,Inventory,Expense,3936.0
4061,2026-06-01,Service Revenue,Sales,Income,75966.0
4062,2026-06-01,Product Sale,Sales,Income,46366.0
4063,2026-06-01,Office Supplies,Marketing,Expense,1810.0
4064,2026-06-01,Online Sale,Sales,Income,57328.0
4065,2026-06-02,Software Subscription,Office,Expense,13957.0
4066,2026-06-02,Customer Payment,Sales,Income,76694.0
4067,2026-06-02,Service Revenue,Sales,Income,10806.0
4068,2026-06-02,Software Subscription,Utilities,Expense,10368.0
4069,2026-06-02,Office Rent,Salaries,Expense,19046.0
4070,2026-06-02,Travel Expense,Software,Expense,33776.0
4071,2026-06-02,Service Revenue,Sales,Income,76326.0
4072,2026-06-02,Office Rent,Software,Expense,33649.0
4073,2026-06-03,Software Subscription,Travel,Expense,2345.0
4074,2026-06-03,Office Rent,Utilities,Expense,24184.0
4075,2026-06-03,Employee Salary,Salaries,Expense,30358.0
4076,2026-06-03,Software Subscription,Marketing,Expense,27167.0
4077,2026-06-03,Service Revenue,Sales,Income,12232.0
4078,2026-06-03,Product Sale,Sales,Income,59766.0
4079,2026-06-03,Marketing Campaign,Office,Expense,5129.0
4080,2026-06-03,Service Revenue,Sales,Income,10913.0
4081,2026-06-04,Electricity Bill,Software,Expense,2276.0
4082,2026-06-04,Product Sale,Sales,Income,43379.0
4083,2026-06-04,Electricity Bill,Marketing,Expense,1744.0
4084,2026-06-04,Employee Salary,Office,Expense,1833.0
4085,2026-06-04,Service Revenue,Sales,Income,9791.0
4086,2026-06-04,Customer Payment,Sales,Income,5329.0
4087,2026-06-04,Online Sale,Sales,Income,79387.0
4088,2026-06-04,Travel Expense,Travel,Expense,2433.0
4089,2026-06-05,Electricity Bill,Utilities,Expense,34014.0
4090,2026-06-05,Product Sale,Sales,Income,26300.0
4091,2026-06-05,Travel Expense,Software,Expense,27571.0
4092,2026-06-05,Customer Payment,Sales,Income,60609.0
4093,2026-06-05,Travel Expense,Software,Expense,31344.0
4094,2026-06-05,Office Supplies,Utilities,Expense,26164.0
4095,2026-06-05,Customer Payment,Sales,Income,10703.0
4096,2026-06-05,Inventory Purchase,Marketing,Expense,18151.0
4097,2026-06-06,Service Revenue,Sales,Income,32676.0
4098,2026-06-06,Customer Payment,Sales,Income,66710.0
4099,2026-06-06,Service Revenue,Sales,Income,65077.0
4100,2026-06-06,Product Sale,Sales,Income,50440.0
4101,2026-06-06,Electricity Bill,Utilities,Expense,31385.0
4102,2026-06-06,Online Sale,Sales,Income,34802.0
4103,2026-06-06,Office Rent,Software,Expense,5671.0
4104,2026-06-07,Online Sale,Sales,Income,65162.0
4105,2026-06-07,Customer Payment,Sales,Income,70169.0
4106,2026-06-07,Electricity Bill,Marketing,Expense,7210.0
4107,2026-06-07,Office Supplies,Inventory,Expense,20736.0
4108,2026-06-07,Product Sale,Sales,Income,79716.0
4109,2026-06-07,Marketing Campaign,Salaries,Expense,10254.0
4110,2026-06-07,Employee Salary,Office,Expense,26188.0
4111,2026-06-07,Electricity Bill,Travel,Expense,7548.0
4112,2026-06-08,Marketing Campaign,Software,Expense,23068.0
4113,2026-06-08,Customer Payment,Sales,Income,17521.0
4114,2026-06-08,Online Sale,Sales,Income,29028.0
4115,2026-06-08,Office Supplies,Software,Expense,18045.0
4116,2026-06-08,Service Revenue,Sales,Income,32301.0
4117,2026-06-08,Electricity Bill,Office,Expense,29413.0
4118,2026-06-08,Product Sale,Sales,Income,41845.0
4119,2026-06-08,Online Sale,Sales,Income,49159.0
4120,2026-06-09,Travel Expense,Marketing,Expense,25858.0
4121,2026-06-09,Customer Payment,Sales,Income,30230.0
4122,2026-06-09,Travel Expense,Office,Expense,30351.0
4123,2026-06-09,Electricity Bill,Inventory,Expense,29256.0
4124,2026-06-09,Electricity Bill,Salaries,Expense,11645.0
4125,2026-06-09,Office Supplies,Salaries,Expense,21692.0
4126,2026-06-09,Inventory Purchase,Utilities,Expense,19339.0
4127,2026-06-09,Software Subscription,Office,Expense,27910.0
4128,2026-06-10,Employee Salary,Travel,Expense,11947.0
4129,2026-06-10,Product Sale,Sales,Income,32195.0
4130,2026-06-10,Customer Payment,Sales,Income,39674.0
4131,2026-06-10,Customer Payment,Sales,Income,23105.0
4132,2026-06-10,Service Revenue,Sales,Income,34739.0
4133,2026-06-10,Office Supplies,Marketing,Expense,22137.0
4134,2026-06-10,Employee Salary,Software,Expense,22869.0
4135,2026-06-10,Employee Salary,Utilities,Expense,29981.0
4136,2026-06-11,Online Sale,Sales,Income,64254.0
4137,2026-06-11,Office Rent,Inventory,Expense,3089.0
4138,2026-06-11,Customer Payment,Sales,Income,38826.0
4139,2026-06-11,Employee Salary,Travel,Expense,3534.0
4140,2026-06-11,Inventory Purchase,Software,Expense,669.0
4141,2026-06-11,Customer Payment,Sales,Income,9359.0
4142,2026-06-11,Product Sale,Sales,Income,17809.0
4143,2026-06-11,Customer Payment,Sales,Income,69450.0
4144,2026-06-12,Marketing Campaign,Travel,Expense,20452.0
4145,2026-06-12,Electricity Bill,Marketing,Expense,11908.0
4146,2026-06-12,Office Supplies,Utilities,Expense,3984.0
4147,2026-06-12,Service Revenue,Sales,Income,49498.0
4148,2026-06-12,Customer Payment,Sales,Income,45985.0
4149,2026-06-12,Office Supplies,Salaries,Expense,21436.0
4150,2026-06-12,Travel Expense,Office,Expense,19910.0
4151,2026-06-12,Online Sale,Sales,Income,21705.0
4152,2026-06-13,Service Revenue,Sales,Income,67598.0
4153,2026-06-13,Electricity Bill,Travel,Expense,5880.0
4154,2026-06-13,Product Sale,Sales,Income,51622.0
4155,2026-06-13,Product Sale,Sales,Income,51665.0
4156,2026-06-13,Customer Payment,Sales,Income,37274.0
4157,2026-06-13,Electricity Bill,Software,Expense,33379.0
4158,2026-06-13,Inventory Purchase,Salaries,Expense,16643.0
4159,2026-06-14,Electricity Bill,Inventory,Expense,7913.0
4160,2026-06-14,Inventory Purchase,Office,Expense,32078.0
4161,2026-06-14,Travel Expense,Utilities,Expense,15226.0
4162,2026-06-14,Online Sale,Sales,Income,10674.0
4163,2026-06-14,Marketing Campaign,Salaries,Expense,6483.0
4164,2026-06-14,Customer Payment,Sales,Income,71446.0
4165,2026-06-14,Office Supplies,Travel,Expense,27490.0
4166,2026-06-14,Customer Payment,Sales,Income,38717.0
4167,2026-06-15,Online Sale,Sales,Income,31651.0
4168,2026-06-15,Customer Payment,Sales,Income,49291.0
4169,2026-06-15,Service Revenue,Sales,Income,68350.0
4170,2026-06-15,Online Sale,Sales,Income,9646.0
4171,2026-06-15,Customer Payment,Sales,Income,44713.0
4172,2026-06-15,Office Supplies,Office,Expense,33881.0
4173,2026-06-15,Customer Payment,Sales,Income,49331.0
4174,2026-06-15,Marketing Campaign,Utilities,Expense,5958.0
4175,2026-06-16,Inventory Purchase,Office,Expense,22800.0
4176,2026-06-16,Office Supplies,Utilities,Expense,3199.0
4177,2026-06-16,Inventory Purchase,Marketing,Expense,29985.0
4178,2026-06-16,Inventory Purchase,Travel,Expense,1519.0
4179,2026-06-16,Product Sale,Sales,Income,20701.0
4180,2026-06-16,Customer Payment,Sales,Income,74072.0
4181,2026-06-16,Product Sale,Sales,Income,53217.0
4182,2026-06-16,Software Subscription,Inventory,Expense,14198.0
4183,2026-06-17,Office Rent,Marketing,Expense,7229.0
4184,2026-06-17,Online Sale,Sales,Income,34410.0
4185,2026-06-17,Customer Payment,Sales,Income,63715.0
4186,2026-06-17,Inventory Purchase,Utilities,Expense,19950.0
4187,2026-06-17,Customer Payment,Sales,Income,20957.0
4188,2026-06-17,Office Rent,Utilities,Expense,19564.0
4189,2026-06-17,Office Rent,Software,Expense,4941.0
4190,2026-06-17,Software Subscription,Software,Expense,19832.0
4191,2026-06-18,Travel Expense,Travel,Expense,20615.0
4192,2026-06-18,Marketing Campaign,Utilities,Expense,34369.0
4193,2026-06-18,Office Rent,Salaries,Expense,22368.0
4194,2026-06-18,Office Supplies,Software,Expense,21115.0
4195,2026-06-18,Marketing Campaign,Office,Expense,14115.0
4196,2026-06-18,Customer Payment,Sales,Income,77413.0
4197,2026-06-18,Customer Payment,Sales,Income,38642.0
4198,2026-06-18,Online Sale,Sales,Income,43311.0
4199,2026-06-19,Customer Payment,Sales,Income,37356.0
4200,2026-06-19,Employee Salary,Inventory,Expense,25819.0
4201,2026-06-19,Travel Expense,Software,Expense,16630.0
4202,2026-06-19,Online Sale,Sales,Income,39875.0
4203,2026-06-19,Online Sale,Sales,Income,14465.0
4204,2026-06-19,Inventory Purchase,Travel,Expense,26829.0
4205,2026-06-19,Service Revenue,Sales,Income,78844.0
4206,2026-06-19,Office Supplies,Software,Expense,11228.0
4207,2026-06-20,Office Supplies,Utilities,Expense,18875.0
4208,2026-06-20,Office Supplies,Travel,Expense,22314.0
4209,2026-06-20,Product Sale,Sales,Income,51624.0
4210,2026-06-20,Online Sale,Sales,Income,21427.0
4211,2026-06-20,Product Sale,Sales,Income,38276.0
4212,2026-06-20,Office Supplies,Salaries,Expense,9868.0
4213,2026-06-20,Employee Salary,Marketing,Expense,34603.0
4214,2026-06-21,Service Revenue,Sales,Income,22300.0
4215,2026-06-21,Travel Expense,Software,Expense,29769.0
4216,2026-06-21,Software Subscription,Marketing,Expense,20656.0
4217,2026-06-21,Product Sale,Sales,Income,75507.0
4218,2026-06-21,Inventory Purchase,Travel,Expense,2487.0
4219,2026-06-21,Office Rent,Salaries,Expense,18869.0
4220,2026-06-21,Online Sale,Sales,Income,24659.0
4221,2026-06-21,Customer Payment,Sales,Income,36403.0
4222,2026-06-22,Electricity Bill,Travel,Expense,15048.0
4223,2026-06-22,Office Rent,Utilities,Expense,17136.0
4224,2026-06-22,Employee Salary,Office,Expense,32883.0
4225,2026-06-22,Marketing Campaign,Utilities,Expense,17507.0
4226,2026-06-22,Office Rent,Travel,Expense,30711.0
4227,2026-06-22,Product Sale,Sales,Income,73795.0
4228,2026-06-22,Office Supplies,Office,Expense,3889.0
4229,2026-06-22,Marketing Campaign,Travel,Expense,9958.0
4230,2026-06-23,Service Revenue,Sales,Income,74831.0
4231,2026-06-23,Marketing Campaign,Inventory,Expense,9852.0
4232,2026-06-23,Marketing Campaign,Travel,Expense,10986.0
4233,2026-06-23,Online Sale,Sales,Income,39579.0
4234,2026-06-23,Travel Expense,Inventory,Expense,5612.0
4235,2026-06-23,Online Sale,Sales,Income,45731.0
4236,2026-06-23,Online Sale,Sales,Income,58767.0
4237,2026-06-23,Product Sale,Sales,Income,77302.0
4238,2026-06-24,Inventory Purchase,Utilities,Expense,23981.0
4239,2026-06-24,Employee Salary,Salaries,Expense,10525.0
4240,2026-06-24,Service Revenue,Sales,Income,39433.0
4241,2026-06-24,Office Supplies,Software,Expense,14062.0
4242,2026-06-24,Product Sale,Sales,Income,30714.0
4243,2026-06-24,Electricity Bill,Utilities,Expense,7515.0
4244,2026-06-24,Office Supplies,Utilities,Expense,6210.0
4245,2026-06-24,Service Revenue,Sales,Income,7552.0
4246,2026-06-25,Inventory Purchase,Office,Expense,21467.0
4247,2026-06-25,Online Sale,Sales,Income,50987.0
4248,2026-06-25,Service Revenue,Sales,Income,50380.0
4249,2026-06-25,Office Supplies,Utilities,Expense,25552.0
4250,2026-06-25,Marketing Campaign,Inventory,Expense,15936.0
4251,2026-06-25,Customer Payment,Sales,Income,69686.0
4252,2026-06-25,Customer Payment,Sales,Income,50028.0
4253,2026-06-25,Customer Payment,Sales,Income,20295.0
4254,2026-06-26,Electricity Bill,Office,Expense,18104.0
4255,2026-06-26,Service Revenue,Sales,Income,15523.0
4256,2026-06-26,Office Supplies,Software,Expense,33084.0
4257,2026-06-26,Software Subscription,Software,Expense,21209.0
4258,2026-06-26,Travel Expense,Marketing,Expense,3590.0
4259,2026-06-26,Product Sale,Sales,Income,49645.0
4260,2026-06-26,Service Revenue,Sales,Income,67142.0
4261,2026-06-26,Service Revenue,Sales,Income,30557.0
4262,2026-06-27,Employee Salary,Software,Expense,34241.0
4263,2026-06-27,Product Sale,Sales,Income,55708.0
4264,2026-06-27,Online Sale,Sales,Income,56357.0
4265,2026-06-27,Office Rent,Office,Expense,1070.0
4266,2026-06-27,Service Revenue,Sales,Income,11805.0
4267,2026-06-27,Marketing Campaign,Travel,Expense,807.0
4268,2026-06-27,Service Revenue,Sales,Income,55772.0
4269,2026-06-27,Electricity Bill,Utilities,Expense,29292.0
4270,2026-06-28,Marketing Campaign,Travel,Expense,1265.0
4271,2026-06-28,Inventory Purchase,Utilities,Expense,24698.0
4272,2026-06-28,Marketing Campaign,Inventory,Expense,8235.0
4273,2026-06-28,Service Revenue,Sales,Income,19859.0
4274,2026-06-28,Office Rent,Inventory,Expense,11877.0
4275,2026-06-28,Electricity Bill,Salaries,Expense,14797.0
4276,2026-06-28,Software Subscription,Salaries,Expense,8536.0
4277,2026-06-29,Online Sale,Sales,Income,79312.0
4278,2026-06-29,Service Revenue,Sales,Income,20021.0
4279,2026-06-29,Product Sale,Sales,Income,74863.0
4280,2026-06-29,Customer Payment,Sales,Income,60565.0
4281,2026-06-29,Product Sale,Sales,Income,53043.0
4282,2026-06-29,Marketing Campaign,Salaries,Expense,20131.0
4283,2026-06-29,Product Sale,Sales,Income,69361.0
4284,2026-06-29,Product Sale,Sales,Income,6245.0
4285,2026-06-30,Travel Expense,Office,Expense,20397.0
4286,2026-06-30,Office Rent,Marketing,Expense,11634.0
4287,2026-06-30,Inventory Purchase,Inventory,Expense,27397.0
4288,2026-06-30,Employee Salary,Office,Expense,7556.0
4289,2026-06-30,Product Sale,Sales,Income,34714.0
4290,2026-06-30,Office Rent,Inventory,Expense,3253.0
4291,2026-06-30,Office Supplies,Software,Expense,32441.0
4292,2026-06-30,Customer Payment,Sales,Income,6652.0
4293,2026-07-01,Office Supplies,Software,Expense,14734.0
4294,2026-07-01,Employee Salary,Travel,Expense,10136.0
4295,2026-07-01,Customer Payment,Sales,Income,8810.0
4296,2026-07-01,Product Sale,Sales,Income,21569.0
4297,2026-07-01,Service Revenue,Sales,Income,31783.0
4298,2026-07-01,Service Revenue,Sales,Income,14471.0
4299,2026-07-01,Customer Payment,Sales,Income,11163.0
4300,2026-07-01,Software Subscription,Office,Expense,5358.0
4301,2026-07-02,Product Sale,Sales,Income,67071.0
4302,2026-07-02,Office Rent,Office,Expense,17024.0
4303,2026-07-02,Software Subscription,Salaries,Expense,5039.0
4304,2026-07-02,Inventory Purchase,Software,Expense,19357.0
4305,2026-07-02,Inventory Purchase,Utilities,Expense,5864.0
4306,2026-07-02,Service Revenue,Sales,Income,57587.0
4307,2026-07-02,Inventory Purchase,Utilities,Expense,21330.0
4308,2026-07-02,Electricity Bill,Software,Expense,21578.0
4309,2026-07-03,Marketing Campaign,Software,Expense,1369.0
4310,2026-07-03,Electricity Bill,Salaries,Expense,28640.0
4311,2026-07-03,Product Sale,Sales,Income,77723.0
4312,2026-07-03,Office Supplies,Utilities,Expense,14885.0
4313,2026-07-03,Customer Payment,Sales,Income,39948.0
4314,2026-07-03,Employee Salary,Travel,Expense,5631.0
4315,2026-07-03,Office Rent,Marketing,Expense,1858.0
4316,2026-07-03,Customer Payment,Sales,Income,77571.0
4317,2026-07-04,Electricity Bill,Office,Expense,17271.0
4318,2026-07-04,Product Sale,Sales,Income,26071.0
4319,2026-07-04,Service Revenue,Sales,Income,71118.0
4320,2026-07-04,Marketing Campaign,Salaries,Expense,17716.0
4321,2026-07-04,Office Supplies,Marketing,Expense,21077.0
4322,2026-07-04,Marketing Campaign,Inventory,Expense,11801.0
4323,2026-07-04,Employee Salary,Office,Expense,10015.0
4324,2026-07-04,Office Rent,Inventory,Expense,27302.0
4325,2026-07-05,Marketing Campaign,Utilities,Expense,1391.0
4326,2026-07-05,Office Supplies,Salaries,Expense,22472.0
4327,2026-07-05,Customer Payment,Sales,Income,54116.0
4328,2026-07-05,Office Rent,Office,Expense,4692.0
4329,2026-07-05,Product Sale,Sales,Income,27597.0
4330,2026-07-05,Employee Salary,Marketing,Expense,23336.0
4331,2026-07-05,Online Sale,Sales,Income,19551.0
4332,2026-07-06,Service Revenue,Sales,Income,29278.0
4333,2026-07-06,Customer Payment,Sales,Income,20141.0
4334,2026-07-06,Travel Expense,Utilities,Expense,24732.0
4335,2026-07-06,Service Revenue,Sales,Income,38615.0
4336,2026-07-06,Service Revenue,Sales,Income,67751.0
4337,2026-07-06,Office Supplies,Utilities,Expense,10552.0
4338,2026-07-06,Travel Expense,Office,Expense,20021.0
4339,2026-07-06,Online Sale,Sales,Income,55391.0
4340,2026-07-07,Customer Payment,Sales,Income,16698.0
4341,2026-07-07,Service Revenue,Sales,Income,7365.0
4342,2026-07-07,Online Sale,Sales,Income,48372.0
4343,2026-07-07,Office Rent,Utilities,Expense,26472.0
4344,2026-07-07,Inventory Purchase,Software,Expense,13023.0
4345,2026-07-07,Software Subscription,Travel,Expense,22530.0
4346,2026-07-07,Product Sale,Sales,Income,6949.0
4347,2026-07-07,Marketing Campaign,Travel,Expense,24795.0
4348,2026-07-08,Office Supplies,Inventory,Expense,12364.0
4349,2026-07-08,Employee Salary,Inventory,Expense,13376.0
4350,2026-07-08,Travel Expense,Office,Expense,18555.0
4351,2026-07-08,Office Rent,Software,Expense,34184.0
4352,2026-07-08,Marketing Campaign,Office,Expense,22472.0
4353,2026-07-08,Product Sale,Sales,Income,50592.0
4354,2026-07-08,Office Rent,Utilities,Expense,9825.0
4355,2026-07-08,Inventory Purchase,Software,Expense,20873.0
4356,2026-07-09,Marketing Campaign,Office,Expense,21681.0
4357,2026-07-09,Customer Payment,Sales,Income,38298.0
4358,2026-07-09,Marketing Campaign,Utilities,Expense,18205.0
4359,2026-07-09,Travel Expense,Software,Expense,26604.0
4360,2026-07-09,Customer Payment,Sales,Income,42924.0
4361,2026-07-09,Service Revenue,Sales,Income,29240.0
4362,2026-07-09,Inventory Purchase,Utilities,Expense,5243.0
4363,2026-07-09,Office Rent,Salaries,Expense,9451.0
4364,2026-07-10,Software Subscription,Office,Expense,7514.0
4365,2026-07-10,Service Revenue,Sales,Income,12432.0
4366,2026-07-10,Electricity Bill,Utilities,Expense,7663.0
4367,2026-07-10,Product Sale,Sales,Income,76725.0
4368,2026-07-10,Customer Payment,Sales,Income,38910.0
4369,2026-07-10,Product Sale,Sales,Income,35226.0
4370,2026-07-10,Product Sale,Sales,Income,78150.0
4371,2026-07-10,Product Sale,Sales,Income,64099.0
4372,2026-07-11,Online Sale,Sales,Income,23013.0
4373,2026-07-11,Online Sale,Sales,Income,26446.0
4374,2026-07-11,Customer Payment,Sales,Income,75375.0
4375,2026-07-11,Software Subscription,Salaries,Expense,31451.0
4376,2026-07-11,Employee Salary,Salaries,Expense,33108.0
4377,2026-07-11,Product Sale,Sales,Income,35666.0
4378,2026-07-11,Office Rent,Salaries,Expense,13542.0
4379,2026-07-11,Product Sale,Sales,Income,52700.0
4380,2026-07-12,Electricity Bill,Software,Expense,13681.0
4381,2026-07-12,Product Sale,Sales,Income,79779.0
4382,2026-07-12,Online Sale,Sales,Income,14596.0
4383,2026-07-12,Software Subscription,Salaries,Expense,11362.0
4384,2026-07-12,Travel Expense,Travel,Expense,29188.0
4385,2026-07-12,Employee Salary,Travel,Expense,31445.0
4386,2026-07-12,Marketing Campaign,Utilities,Expense,13439.0
4387,2026-07-13,Office Supplies,Utilities,Expense,29431.0
4388,2026-07-13,Product Sale,Sales,Income,16596.0
4389,2026-07-13,Service Revenue,Sales,Income,70355.0
4390,2026-07-13,Service Revenue,Sales,Income,17974.0
4391,2026-07-13,Service Revenue,Sales,Income,71673.0
4392,2026-07-13,Software Subscription,Software,Expense,16524.0
4393,2026-07-13,Inventory Purchase,Travel,Expense,32399.0
4394,2026-07-13,Online Sale,Sales,Income,26818.0
4395,2026-07-14,Marketing Campaign,Office,Expense,9797.0
4396,2026-07-14,Travel Expense,Marketing,Expense,2107.0
4397,2026-07-14,Online Sale,Sales,Income,7654.0
4398,2026-07-14,Customer Payment,Sales,Income,38758.0
4399,2026-07-14,Service Revenue,Sales,Income,29204.0
4400,2026-07-14,Product Sale,Sales,Income,39928.0
4401,2026-07-14,Customer Payment,Sales,Income,58609.0
4402,2026-07-14,Software Subscription,Inventory,Expense,29855.0
4403,2026-07-15,Service Revenue,Sales,Income,15336.0
4404,2026-07-15,Product Sale,Sales,Income,52037.0
4405,2026-07-15,Software Subscription,Office,Expense,17286.0
4406,2026-07-15,Inventory Purchase,Software,Expense,31411.0
4407,2026-07-15,Employee Salary,Utilities,Expense,27078.0
4408,2026-07-15,Customer Payment,Sales,Income,23361.0
4409,2026-07-15,Service Revenue,Sales,Income,46335.0
4410,2026-07-15,Electricity Bill,Utilities,Expense,15576.0
4411,2026-07-16,Customer Payment,Sales,Income,30816.0
4412,2026-07-16,Service Revenue,Sales,Income,20619.0
4413,2026-07-16,Employee Salary,Utilities,Expense,34039.0
4414,2026-07-16,Software Subscription,Travel,Expense,11940.0
4415,2026-07-16,Online Sale,Sales,Income,13798.0
4416,2026-07-16,Office Supplies,Inventory,Expense,22597.0
4417,2026-07-16,Service Revenue,Sales,Income,54695.0
4418,2026-07-16,Product Sale,Sales,Income,37747.0
4419,2026-07-17,Product Sale,Sales,Income,26182.0
4420,2026-07-17,Service Revenue,Sales,Income,14415.0
4421,2026-07-17,Service Revenue,Sales,Income,16085.0
4422,2026-07-17,Office Rent,Marketing,Expense,27307.0
4423,2026-07-17,Marketing Campaign,Salaries,Expense,20828.0
4424,2026-07-17,Employee Salary,Marketing,Expense,8539.0
4425,2026-07-17,Customer Payment,Sales,Income,13120.0
4426,2026-07-17,Service Revenue,Sales,Income,69385.0
4427,2026-07-18,Online Sale,Sales,Income,78356.0
4428,2026-07-18,Online Sale,Sales,Income,23170.0
4429,2026-07-18,Product Sale,Sales,Income,21259.0
4430,2026-07-18,Office Supplies,Inventory,Expense,922.0
4431,2026-07-18,Office Supplies,Office,Expense,31775.0
4432,2026-07-18,Electricity Bill,Travel,Expense,27097.0
4433,2026-07-18,Office Rent,Office,Expense,12485.0
4434,2026-07-18,Office Rent,Utilities,Expense,29207.0
4435,2026-07-19,Service Revenue,Sales,Income,48147.0
4436,2026-07-19,Service Revenue,Sales,Income,79280.0
4437,2026-07-19,Service Revenue,Sales,Income,51053.0
4438,2026-07-19,Marketing Campaign,Marketing,Expense,10450.0
4439,2026-07-19,Electricity Bill,Travel,Expense,34747.0
4440,2026-07-19,Service Revenue,Sales,Income,9861.0
4441,2026-07-19,Employee Salary,Salaries,Expense,26908.0
4442,2026-07-20,Inventory Purchase,Travel,Expense,11277.0
4443,2026-07-20,Product Sale,Sales,Income,39364.0
4444,2026-07-20,Product Sale,Sales,Income,47923.0
4445,2026-07-20,Service Revenue,Sales,Income,12919.0
4446,2026-07-20,Office Rent,Inventory,Expense,31782.0
4447,2026-07-20,Customer Payment,Sales,Income,52396.0
4448,2026-07-20,Marketing Campaign,Software,Expense,2723.0
4449,2026-07-20,Product Sale,Sales,Income,47255.0
4450,2026-07-21,Employee Salary,Office,Expense,18007.0
4451,2026-07-21,Product Sale,Sales,Income,13176.0
4452,2026-07-21,Marketing Campaign,Office,Expense,34671.0
4453,2026-07-21,Electricity Bill,Office,Expense,7985.0
4454,2026-07-21,Office Rent,Software,Expense,30284.0
4455,2026-07-21,Software Subscription,Inventory,Expense,25117.0
4456,2026-07-21,Product Sale,Sales,Income,49859.0
4457,2026-07-21,Office Supplies,Marketing,Expense,2449.0
4458,2026-07-22,Customer Payment,Sales,Income,56083.0
4459,2026-07-22,Customer Payment,Sales,Income,45076.0
4460,2026-07-22,Travel Expense,Software,Expense,22114.0
4461,2026-07-22,Online Sale,Sales,Income,11021.0
4462,2026-07-22,Electricity Bill,Salaries,Expense,10458.0
4463,2026-07-22,Employee Salary,Travel,Expense,9197.0
4464,2026-07-22,Product Sale,Sales,Income,49732.0
4465,2026-07-22,Electricity Bill,Salaries,Expense,15993.0
4466,2026-07-23,Product Sale,Sales,Income,68079.0
4467,2026-07-23,Online Sale,Sales,Income,12904.0
4468,2026-07-23,Product Sale,Sales,Income,69033.0
4469,2026-07-23,Electricity Bill,Software,Expense,30993.0
4470,2026-07-23,Electricity Bill,Inventory,Expense,24231.0
4471,2026-07-23,Marketing Campaign,Inventory,Expense,7576.0
4472,2026-07-23,Office Supplies,Marketing,Expense,1571.0
4473,2026-07-23,Customer Payment,Sales,Income,67636.0
4474,2026-07-24,Online Sale,Sales,Income,63806.0
4475,2026-07-24,Software Subscription,Office,Expense,26145.0
4476,2026-07-24,Software Subscription,Marketing,Expense,34165.0
4477,2026-07-24,Service Revenue,Sales,Income,41303.0
4478,2026-07-24,Customer Payment,Sales,Income,32453.0
4479,2026-07-24,Electricity Bill,Office,Expense,27078.0
4480,2026-07-24,Travel Expense,Software,Expense,10383.0
4481,2026-07-24,Online Sale,Sales,Income,30765.0
4482,2026-07-25,Marketing Campaign,Travel,Expense,11207.0
4483,2026-07-25,Electricity Bill,Travel,Expense,13640.0
4484,2026-07-25,Travel Expense,Inventory,Expense,11593.0
4485,2026-07-25,Online Sale,Sales,Income,62988.0
4486,2026-07-25,Software Subscription,Office,Expense,7007.0
4487,2026-07-25,Customer Payment,Sales,Income,12145.0
4488,2026-07-25,Online Sale,Sales,Income,60797.0
4489,2026-07-25,Electricity Bill,Marketing,Expense,31108.0
4490,2026-07-26,Marketing Campaign,Office,Expense,25011.0
4491,2026-07-26,Service Revenue,Sales,Income,9830.0
4492,2026-07-26,Inventory Purchase,Travel,Expense,19006.0
4493,2026-07-26,Inventory Purchase,Software,Expense,28895.0
4494,2026-07-26,Office Supplies,Salaries,Expense,27626.0
4495,2026-07-26,Office Supplies,Salaries,Expense,29966.0
4496,2026-07-26,Travel Expense,Inventory,Expense,18470.0
4497,2026-07-27,Office Rent,Software,Expense,5182.0
4498,2026-07-27,Product Sale,Sales,Income,61815.0
4499,2026-07-27,Service Revenue,Sales,Income,40690.0
4500,2026-07-27,Service Revenue,Sales,Income,62923.0
4501,2026-07-27,Inventory Purchase,Inventory,Expense,30446.0
4502,2026-07-27,Inventory Purchase,Inventory,Expense,24859.0
4503,2026-07-27,Product Sale,Sales,Income,72904.0
4504,2026-07-27,Online Sale,Sales,Income,34203.0
4505,2026-07-28,Electricity Bill,Travel,Expense,27815.0
4506,2026-07-28,Service Revenue,Sales,Income,50667.0
4507,2026-07-28,Marketing Campaign,Marketing,Expense,10210.0
4508,2026-07-28,Customer Payment,Sales,Income,27485.0
4509,2026-07-28,Software Subscription,Salaries,Expense,32321.0
4510,2026-07-28,Inventory Purchase,Office,Expense,10229.0
4511,2026-07-28,Online Sale,Sales,Income,62560.0
4512,2026-07-28,Electricity Bill,Utilities,Expense,22684.0
4513,2026-07-29,Customer Payment,Sales,Income,69523.0
4514,2026-07-29,Marketing Campaign,Office,Expense,27070.0
4515,2026-07-29,Electricity Bill,Utilities,Expense,13695.0
4516,2026-07-29,Online Sale,Sales,Income,22997.0
4517,2026-07-29,Inventory Purchase,Software,Expense,16052.0
4518,2026-07-29,Inventory Purchase,Software,Expense,3228.0
4519,2026-07-29,Product Sale,Sales,Income,45308.0
4520,2026-07-29,Customer Payment,Sales,Income,44842.0
4521,2026-07-30,Office Supplies,Travel,Expense,31702.0
4522,2026-07-30,Software Subscription,Office,Expense,631.0
4523,2026-07-30,Software Subscription,Salaries,Expense,26192.0
4524,2026-07-30,Office Rent,Marketing,Expense,20477.0
4525,2026-07-30,Inventory Purchase,Software,Expense,33561.0
4526,2026-07-30,Product Sale,Sales,Income,28382.0
4527,2026-07-30,Electricity Bill,Salaries,Expense,26075.0
4528,2026-07-30,Office Rent,Inventory,Expense,15227.0
4529,2026-07-31,Software Subscription,Travel,Expense,10988.0
4530,2026-07-31,Online Sale,Sales,Income,32467.0
4531,2026-07-31,Customer Payment,Sales,Income,64316.0
4532,2026-07-31,Service Revenue,Sales,Income,11764.0
4533,2026-07-31,Customer Payment,Sales,Income,66836.0
4534,2026-07-31,Customer Payment,Sales,Income,36923.0
4535,2026-07-31,Marketing Campaign,Travel,Expense,22240.0
4536,2026-07-31,Office Supplies,Marketing,Expense,31496.0
4537,2026-08-01,Customer Payment,Sales,Income,25939.0
4538,2026-08-01,Office Rent,Travel,Expense,23470.0
4539,2026-08-01,Customer Payment,Sales,Income,61440.0
4540,2026-08-01,Service Revenue,Sales,Income,28246.0
4541,2026-08-01,Service Revenue,Sales,Income,57805.0
4542,2026-08-01,Travel Expense,Travel,Expense,31141.0
4543,2026-08-01,Online Sale,Sales,Income,61851.0
4544,2026-08-01,Product Sale,Sales,Income,36688.0
4545,2026-08-02,Product Sale,Sales,Income,34764.0
4546,2026-08-02,Travel Expense,Marketing,Expense,1499.0
4547,2026-08-02,Online Sale,Sales,Income,43501.0
4548,2026-08-02,Marketing Campaign,Travel,Expense,22441.0
4549,2026-08-02,Office Supplies,Office,Expense,26522.0
4550,2026-08-02,Office Supplies,Marketing,Expense,27021.0
4551,2026-08-02,Marketing Campaign,Marketing,Expense,30139.0
4552,2026-08-03,Customer Payment,Sales,Income,42132.0
4553,2026-08-03,Customer Payment,Sales,Income,22861.0
4554,2026-08-03,Software Subscription,Software,Expense,7395.0
4555,2026-08-03,Travel Expense,Travel,Expense,28479.0
4556,2026-08-03,Inventory Purchase,Inventory,Expense,13052.0
4557,2026-08-03,Office Rent,Software,Expense,27894.0
4558,2026-08-03,Office Rent,Salaries,Expense,32776.0
4559,2026-08-03,Travel Expense,Inventory,Expense,34130.0
4560,2026-08-04,Office Rent,Software,Expense,5027.0
4561,2026-08-04,Office Supplies,Salaries,Expense,12747.0
4562,2026-08-04,Customer Payment,Sales,Income,21979.0
4563,2026-08-04,Software Subscription,Utilities,Expense,1027.0
4564,2026-08-04,Product Sale,Sales,Income,71266.0
4565,2026-08-04,Online Sale,Sales,Income,5056.0
4566,2026-08-04,Marketing Campaign,Marketing,Expense,30800.0
4567,2026-08-04,Service Revenue,Sales,Income,7243.0
4568,2026-08-05,Customer Payment,Sales,Income,60031.0
4569,2026-08-05,Customer Payment,Sales,Income,6701.0
4570,2026-08-05,Office Supplies,Salaries,Expense,27193.0
4571,2026-08-05,Marketing Campaign,Travel,Expense,7459.0
4572,2026-08-05,Inventory Purchase,Travel,Expense,20167.0
4573,2026-08-05,Online Sale,Sales,Income,71483.0
4574,2026-08-05,Employee Salary,Travel,Expense,3823.0
4575,2026-08-05,Software Subscription,Software,Expense,945.0
4576,2026-08-06,Product Sale,Sales,Income,38525.0
4577,2026-08-06,Product Sale,Sales,Income,49348.0
4578,2026-08-06,Product Sale,Sales,Income,76187.0
4579,2026-08-06,Electricity Bill,Salaries,Expense,17355.0
4580,2026-08-06,Marketing Campaign,Inventory,Expense,16911.0
4581,2026-08-06,Office Rent,Software,Expense,11347.0
4582,2026-08-06,Online Sale,Sales,Income,23677.0
4583,2026-08-06,Travel Expense,Inventory,Expense,13987.0
4584,2026-08-07,Employee Salary,Office,Expense,12348.0
4585,2026-08-07,Software Subscription,Utilities,Expense,13655.0
4586,2026-08-07,Office Rent,Software,Expense,11755.0
4587,2026-08-07,Customer Payment,Sales,Income,50320.0
4588,2026-08-07,Online Sale,Sales,Income,51105.0
4589,2026-08-07,Office Rent,Office,Expense,9507.0
4590,2026-08-07,Employee Salary,Utilities,Expense,24530.0
4591,2026-08-07,Employee Salary,Utilities,Expense,34270.0
4592,2026-08-08,Product Sale,Sales,Income,6049.0
4593,2026-08-08,Travel Expense,Marketing,Expense,6948.0
4594,2026-08-08,Customer Payment,Sales,Income,48271.0
4595,2026-08-08,Customer Payment,Sales,Income,71697.0
4596,2026-08-08,Employee Salary,Inventory,Expense,31677.0
4597,2026-08-08,Office Rent,Marketing,Expense,18416.0
4598,2026-08-08,Product Sale,Sales,Income,63097.0
4599,2026-08-08,Customer Payment,Sales,Income,58813.0
4600,2026-08-09,Service Revenue,Sales,Income,30037.0
4601,2026-08-09,Service Revenue,Sales,Income,41007.0
4602,2026-08-09,Travel Expense,Inventory,Expense,22652.0
4603,2026-08-09,Marketing Campaign,Software,Expense,19702.0
4604,2026-08-09,Service Revenue,Sales,Income,62183.0
4605,2026-08-09,Employee Salary,Travel,Expense,11652.0
4606,2026-08-09,Employee Salary,Office,Expense,6117.0
4607,2026-08-10,Software Subscription,Marketing,Expense,1695.0
4608,2026-08-10,Product Sale,Sales,Income,9694.0
4609,2026-08-10,Electricity Bill,Salaries,Expense,5805.0
4610,2026-08-10,Online Sale,Sales,Income,72470.0
4611,2026-08-10,Customer Payment,Sales,Income,26556.0
4612,2026-08-10,Service Revenue,Sales,Income,69471.0
4613,2026-08-10,Employee Salary,Inventory,Expense,6597.0
4614,2026-08-10,Service Revenue,Sales,Income,54086.0
4615,2026-08-11,Service Revenue,Sales,Income,23907.0
4616,2026-08-11,Service Revenue,Sales,Income,76695.0
4617,2026-08-11,Travel Expense,Inventory,Expense,6243.0
4618,2026-08-11,Electricity Bill,Utilities,Expense,16994.0
4619,2026-08-11,Product Sale,Sales,Income,25293.0
4620,2026-08-11,Office Supplies,Utilities,Expense,2148.0
4621,2026-08-11,Electricity Bill,Travel,Expense,16177.0
4622,2026-08-11,Office Rent,Software,Expense,23265.0
4623,2026-08-12,Service Revenue,Sales,Income,73602.0
4624,2026-08-12,Travel Expense,Travel,Expense,16989.0
4625,2026-08-12,Travel Expense,Marketing,Expense,12245.0
4626,2026-08-12,Office Supplies,Office,Expense,6318.0
4627,2026-08-12,Service Revenue,Sales,Income,77356.0
4628,2026-08-12,Employee Salary,Software,Expense,27812.0
4629,2026-08-12,Inventory Purchase,Software,Expense,1816.0
4630,2026-08-12,Office Rent,Software,Expense,5954.0
4631,2026-08-13,Product Sale,Sales,Income,37175.0
4632,2026-08-13,Customer Payment,Sales,Income,22675.0
4633,2026-08-13,Marketing Campaign,Travel,Expense,21688.0
4634,2026-08-13,Travel Expense,Office,Expense,32468.0
4635,2026-08-13,Product Sale,Sales,Income,75910.0
4636,2026-08-13,Employee Salary,Office,Expense,32457.0
4637,2026-08-13,Product Sale,Sales,Income,68116.0
4638,2026-08-13,Office Supplies,Marketing,Expense,8849.0
4639,2026-08-14,Electricity Bill,Marketing,Expense,20193.0
4640,2026-08-14,Employee Salary,Inventory,Expense,33127.0
4641,2026-08-14,Office Rent,Office,Expense,11260.0
4642,2026-08-14,Online Sale,Sales,Income,69814.0
4643,2026-08-14,Marketing Campaign,Travel,Expense,2606.0
4644,2026-08-14,Product Sale,Sales,Income,46964.0
4645,2026-08-14,Electricity Bill,Inventory,Expense,25723.0
4646,2026-08-14,Software Subscription,Marketing,Expense,2983.0
4647,2026-08-15,Employee Salary,Inventory,Expense,27982.0
4648,2026-08-15,Customer Payment,Sales,Income,53791.0
4649,2026-08-15,Electricity Bill,Software,Expense,24740.0
4650,2026-08-15,Service Revenue,Sales,Income,8465.0
4651,2026-08-15,Customer Payment,Sales,Income,73247.0
4652,2026-08-15,Travel Expense,Salaries,Expense,25943.0
4653,2026-08-15,Office Rent,Inventory,Expense,31319.0
4654,2026-08-15,Office Rent,Travel,Expense,15560.0
4655,2026-08-16,Online Sale,Sales,Income,27488.0
4656,2026-08-16,Customer Payment,Sales,Income,43515.0
4657,2026-08-16,Marketing Campaign,Software,Expense,14753.0
4658,2026-08-16,Software Subscription,Utilities,Expense,12065.0
4659,2026-08-16,Service Revenue,Sales,Income,55070.0
4660,2026-08-16,Electricity Bill,Travel,Expense,28268.0
4661,2026-08-16,Electricity Bill,Travel,Expense,587.0
4662,2026-08-16,Software Subscription,Salaries,Expense,9932.0
4663,2026-08-17,Marketing Campaign,Salaries,Expense,9264.0
4664,2026-08-17,Office Rent,Marketing,Expense,678.0
4665,2026-08-17,Office Supplies,Office,Expense,26801.0
4666,2026-08-17,Inventory Purchase,Office,Expense,32413.0
4667,2026-08-17,Customer Payment,Sales,Income,58061.0
4668,2026-08-17,Travel Expense,Utilities,Expense,2921.0
4669,2026-08-17,Electricity Bill,Inventory,Expense,21026.0
4670,2026-08-18,Marketing Campaign,Software,Expense,28817.0
4671,2026-08-18,Customer Payment,Sales,Income,10445.0
4672,2026-08-18,Travel Expense,Travel,Expense,1429.0
4673,2026-08-18,Office Rent,Travel,Expense,34770.0
4674,2026-08-18,Service Revenue,Sales,Income,5246.0
4675,2026-08-18,Service Revenue,Sales,Income,36153.0
4676,2026-08-18,Electricity Bill,Marketing,Expense,30931.0
4677,2026-08-18,Online Sale,Sales,Income,8339.0
4678,2026-08-19,Office Supplies,Inventory,Expense,18333.0
4679,2026-08-19,Employee Salary,Utilities,Expense,31385.0
4680,2026-08-19,Software Subscription,Salaries,Expense,6311.0
4681,2026-08-19,Customer Payment,Sales,Income,39607.0
4682,2026-08-19,Online Sale,Sales,Income,57055.0
4683,2026-08-19,Marketing Campaign,Salaries,Expense,25472.0
4684,2026-08-19,Service Revenue,Sales,Income,20290.0
4685,2026-08-19,Software Subscription,Software,Expense,33374.0
4686,2026-08-20,Product Sale,Sales,Income,8691.0
4687,2026-08-20,Online Sale,Sales,Income,12470.0
4688,2026-08-20,Service Revenue,Sales,Income,8841.0
4689,2026-08-20,Marketing Campaign,Software,Expense,542.0
4690,2026-08-20,Inventory Purchase,Software,Expense,23269.0
4691,2026-08-20,Product Sale,Sales,Income,22776.0
4692,2026-08-20,Service Revenue,Sales,Income,76596.0
4693,2026-08-20,Product Sale,Sales,Income,32584.0
4694,2026-08-21,Travel Expense,Utilities,Expense,29359.0
4695,2026-08-21,Customer Payment,Sales,Income,8338.0
4696,2026-08-21,Employee Salary,Travel,Expense,12163.0
4697,2026-08-21,Travel Expense,Salaries,Expense,5744.0
4698,2026-08-21,Software Subscription,Utilities,Expense,4392.0
4699,2026-08-21,Product Sale,Sales,Income,33804.0
4700,2026-08-21,Software Subscription,Marketing,Expense,4821.0
4701,2026-08-21,Online Sale,Sales,Income,16158.0
4702,2026-08-22,Product Sale,Sales,Income,79157.0
4703,2026-08-22,Office Supplies,Travel,Expense,31069.0
4704,2026-08-22,Inventory Purchase,Travel,Expense,33563.0
4705,2026-08-22,Online Sale,Sales,Income,33768.0
4706,2026-08-22,Product Sale,Sales,Income,68146.0
4707,2026-08-22,Electricity Bill,Salaries,Expense,10687.0
4708,2026-08-22,Customer Payment,Sales,Income,55460.0
4709,2026-08-22,Travel Expense,Marketing,Expense,15844.0
4710,2026-08-23,Employee Salary,Marketing,Expense,8695.0
4711,2026-08-23,Service Revenue,Sales,Income,20419.0
4712,2026-08-23,Travel Expense,Inventory,Expense,22798.0
4713,2026-08-23,Product Sale,Sales,Income,7921.0
4714,2026-08-23,Office Supplies,Marketing,Expense,15876.0
4715,2026-08-23,Marketing Campaign,Salaries,Expense,5892.0
4716,2026-08-23,Customer Payment,Sales,Income,18463.0
4717,2026-08-23,Inventory Purchase,Inventory,Expense,14809.0
4718,2026-08-24,Office Rent,Utilities,Expense,25309.0
4719,2026-08-24,Online Sale,Sales,Income,72005.0
4720,2026-08-24,Inventory Purchase,Utilities,Expense,34437.0
4721,2026-08-24,Service Revenue,Sales,Income,77828.0
4722,2026-08-24,Product Sale,Sales,Income,60152.0
4723,2026-08-24,Service Revenue,Sales,Income,77467.0
4724,2026-08-24,Service Revenue,Sales,Income,57576.0
4725,2026-08-25,Customer Payment,Sales,Income,71627.0
4726,2026-08-25,Online Sale,Sales,Income,30772.0
4727,2026-08-25,Employee Salary,Utilities,Expense,23854.0
4728,2026-08-25,Marketing Campaign,Travel,Expense,3812.0
4729,2026-08-25,Software Subscription,Marketing,Expense,4818.0
4730,2026-08-25,Service Revenue,Sales,Income,58806.0
4731,2026-08-25,Customer Payment,Sales,Income,5260.0
4732,2026-08-25,Online Sale,Sales,Income,27320.0
4733,2026-08-26,Electricity Bill,Travel,Expense,24163.0
4734,2026-08-26,Employee Salary,Software,Expense,31746.0
4735,2026-08-26,Product Sale,Sales,Income,53581.0
4736,2026-08-26,Service Revenue,Sales,Income,25754.0
4737,2026-08-26,Travel Expense,Office,Expense,14179.0
4738,2026-08-26,Service Revenue,Sales,Income,12207.0
4739,2026-08-26,Product Sale,Sales,Income,32920.0
4740,2026-08-26,Electricity Bill,Office,Expense,26492.0
4741,2026-08-27,Software Subscription,Software,Expense,29933.0
4742,2026-08-27,Service Revenue,Sales,Income,79092.0
4743,2026-08-27,Online Sale,Sales,Income,59068.0
4744,2026-08-27,Software Subscription,Software,Expense,29736.0
4745,2026-08-27,Customer Payment,Sales,Income,6924.0
4746,2026-08-27,Online Sale,Sales,Income,59333.0
4747,2026-08-27,Product Sale,Sales,Income,51099.0
4748,2026-08-27,Service Revenue,Sales,Income,62346.0
4749,2026-08-28,Customer Payment,Sales,Income,55062.0
4750,2026-08-28,Office Supplies,Marketing,Expense,11601.0
4751,2026-08-28,Product Sale,Sales,Income,74767.0
4752,2026-08-28,Service Revenue,Sales,Income,17207.0
4753,2026-08-28,Employee Salary,Marketing,Expense,27309.0
4754,2026-08-28,Office Supplies,Marketing,Expense,18423.0
4755,2026-08-28,Office Supplies,Salaries,Expense,15526.0
4756,2026-08-28,Office Rent,Inventory,Expense,24069.0
4757,2026-08-29,Online Sale,Sales,Income,38719.0
4758,2026-08-29,Office Rent,Office,Expense,22935.0
4759,2026-08-29,Employee Salary,Office,Expense,32899.0
4760,2026-08-29,Office Rent,Salaries,Expense,25736.0
4761,2026-08-29,Office Rent,Inventory,Expense,27699.0
4762,2026-08-29,Electricity Bill,Inventory,Expense,20834.0
4763,2026-08-29,Inventory Purchase,Inventory,Expense,33717.0
4764,2026-08-29,Online Sale,Sales,Income,11655.0
4765,2026-08-30,Software Subscription,Office,Expense,31585.0
4766,2026-08-30,Electricity Bill,Utilities,Expense,9942.0
4767,2026-08-30,Software Subscription,Utilities,Expense,13143.0
4768,2026-08-30,Service Revenue,Sales,Income,24739.0
4769,2026-08-30,Employee Salary,Utilities,Expense,7716.0
4770,2026-08-30,Service Revenue,Sales,Income,41491.0
4771,2026-08-30,Customer Payment,Sales,Income,77115.0
4772,2026-08-30,Online Sale,Sales,Income,9781.0
4773,2026-08-31,Product Sale,Sales,Income,25448.0
4774,2026-08-31,Office Supplies,Office,Expense,24006.0
4775,2026-08-31,Online Sale,Sales,Income,54294.0
4776,2026-08-31,Office Supplies,Marketing,Expense,30511.0
4777,2026-08-31,Service Revenue,Sales,Income,22101.0
4778,2026-08-31,Product Sale,Sales,Income,71178.0
4779,2026-08-31,Online Sale,Sales,Income,33016.0
4780,2026-09-01,Customer Payment,Sales,Income,23932.0
4781,2026-09-01,Product Sale,Sales,Income,49653.0
4782,2026-09-01,Product Sale,Sales,Income,57802.0
4783,2026-09-01,Software Subscription,Utilities,Expense,10184.0
4784,2026-09-01,Online Sale,Sales,Income,30362.0
4785,2026-09-01,Service Revenue,Sales,Income,52842.0
4786,2026-09-01,Customer Payment,Sales,Income,51539.0
4787,2026-09-01,Employee Salary,Inventory,Expense,8546.0
4788,2026-09-02,Travel Expense,Inventory,Expense,5434.0
4789,2026-09-02,Inventory Purchase,Office,Expense,1854.0
4790,2026-09-02,Product Sale,Sales,Income,60200.0
4791,2026-09-02,Product Sale,Sales,Income,65287.0
4792,2026-09-02,Office Rent,Salaries,Expense,27924.0
4793,2026-09-02,Service Revenue,Sales,Income,32621.0
4794,2026-09-02,Service Revenue,Sales,Income,17823.0
4795,2026-09-02,Customer Payment,Sales,Income,34986.0
4796,2026-09-03,Product Sale,Sales,Income,69325.0
4797,2026-09-03,Product Sale,Sales,Income,62771.0
4798,2026-09-03,Electricity Bill,Marketing,Expense,15262.0
4799,2026-09-03,Customer Payment,Sales,Income,19690.0
4800,2026-09-03,Office Rent,Marketing,Expense,5611.0
4801,2026-09-03,Product Sale,Sales,Income,62888.0
4802,2026-09-03,Product Sale,Sales,Income,15956.0
4803,2026-09-03,Inventory Purchase,Software,Expense,8302.0
4804,2026-09-04,Customer Payment,Sales,Income,41533.0
4805,2026-09-04,Software Subscription,Marketing,Expense,17965.0
4806,2026-09-04,Employee Salary,Utilities,Expense,8494.0
4807,2026-09-04,Online Sale,Sales,Income,61901.0
4808,2026-09-04,Software Subscription,Utilities,Expense,9843.0
4809,2026-09-04,Online Sale,Sales,Income,36115.0
4810,2026-09-04,Marketing Campaign,Inventory,Expense,6729.0
4811,2026-09-04,Customer Payment,Sales,Income,6832.0
4812,2026-09-05,Office Rent,Office,Expense,27266.0
4813,2026-09-05,Customer Payment,Sales,Income,74715.0
4814,2026-09-05,Marketing Campaign,Marketing,Expense,23668.0
4815,2026-09-05,Inventory Purchase,Travel,Expense,22366.0
4816,2026-09-05,Office Rent,Office,Expense,10024.0
4817,2026-09-05,Marketing Campaign,Utilities,Expense,23038.0
4818,2026-09-05,Marketing Campaign,Inventory,Expense,21726.0
4819,2026-09-05,Electricity Bill,Software,Expense,8603.0
4820,2026-09-06,Online Sale,Sales,Income,28434.0
4821,2026-09-06,Online Sale,Sales,Income,20739.0
4822,2026-09-06,Online Sale,Sales,Income,71202.0
4823,2026-09-06,Online Sale,Sales,Income,38649.0
4824,2026-09-06,Service Revenue,Sales,Income,52445.0
4825,2026-09-06,Inventory Purchase,Office,Expense,15529.0
4826,2026-09-06,Online Sale,Sales,Income,79965.0
4827,2026-09-06,Office Supplies,Software,Expense,24031.0
4828,2026-09-07,Online Sale,Sales,Income,37926.0
4829,2026-09-07,Online Sale,Sales,Income,42997.0
4830,2026-09-07,Office Rent,Office,Expense,27335.0
4831,2026-09-07,Office Rent,Salaries,Expense,28225.0
4832,2026-09-07,Office Supplies,Utilities,Expense,25857.0
4833,2026-09-07,Office Supplies,Utilities,Expense,1744.0
4834,2026-09-07,Online Sale,Sales,Income,68291.0
4835,2026-09-08,Software Subscription,Inventory,Expense,6990.0
4836,2026-09-08,Product Sale,Sales,Income,29686.0
4837,2026-09-08,Customer Payment,Sales,Income,78339.0
4838,2026-09-08,Online Sale,Sales,Income,11574.0
4839,2026-09-08,Online Sale,Sales,Income,13733.0
4840,2026-09-08,Service Revenue,Sales,Income,55290.0
4841,2026-09-08,Employee Salary,Office,Expense,24760.0
4842,2026-09-08,Software Subscription,Salaries,Expense,28880.0
4843,2026-09-09,Customer Payment,Sales,Income,20909.0
4844,2026-09-09,Product Sale,Sales,Income,78432.0
4845,2026-09-09,Online Sale,Sales,Income,33133.0
4846,2026-09-09,Online Sale,Sales,Income,56571.0
4847,2026-09-09,Office Rent,Inventory,Expense,8332.0
4848,2026-09-09,Customer Payment,Sales,Income,16278.0
4849,2026-09-09,Employee Salary,Salaries,Expense,8270.0
4850,2026-09-09,Online Sale,Sales,Income,69265.0
4851,2026-09-10,Electricity Bill,Utilities,Expense,17056.0
4852,2026-09-10,Customer Payment,Sales,Income,60415.0
4853,2026-09-10,Inventory Purchase,Software,Expense,8435.0
4854,2026-09-10,Online Sale,Sales,Income,59399.0
4855,2026-09-10,Software Subscription,Office,Expense,31780.0
4856,2026-09-10,Customer Payment,Sales,Income,27191.0
4857,2026-09-10,Product Sale,Sales,Income,61964.0
4858,2026-09-10,Office Supplies,Inventory,Expense,7044.0
4859,2026-09-11,Marketing Campaign,Utilities,Expense,17832.0
4860,2026-09-11,Inventory Purchase,Software,Expense,27336.0
4861,2026-09-11,Employee Salary,Software,Expense,14888.0
4862,2026-09-11,Marketing Campaign,Office,Expense,2194.0
4863,2026-09-11,Online Sale,Sales,Income,75022.0
4864,2026-09-11,Product Sale,Sales,Income,40198.0
4865,2026-09-11,Customer Payment,Sales,Income,54997.0
4866,2026-09-11,Software Subscription,Utilities,Expense,10335.0
4867,2026-09-12,Product Sale,Sales,Income,66032.0
4868,2026-09-12,Service Revenue,Sales,Income,7179.0
4869,2026-09-12,Electricity Bill,Office,Expense,26113.0
4870,2026-09-12,Travel Expense,Inventory,Expense,31853.0
4871,2026-09-12,Customer Payment,Sales,Income,23030.0
4872,2026-09-12,Service Revenue,Sales,Income,74445.0
4873,2026-09-12,Online Sale,Sales,Income,78551.0
4874,2026-09-12,Service Revenue,Sales,Income,8420.0
4875,2026-09-13,Service Revenue,Sales,Income,64875.0
4876,2026-09-13,Software Subscription,Salaries,Expense,20058.0
4877,2026-09-13,Office Supplies,Software,Expense,22869.0
4878,2026-09-13,Travel Expense,Marketing,Expense,34150.0
4879,2026-09-13,Product Sale,Sales,Income,69559.0
4880,2026-09-13,Electricity Bill,Software,Expense,25907.0
4881,2026-09-13,Online Sale,Sales,Income,56432.0
4882,2026-09-13,Marketing Campaign,Office,Expense,2540.0
4883,2026-09-14,Employee Salary,Travel,Expense,23616.0
4884,2026-09-14,Customer Payment,Sales,Income,69973.0
4885,2026-09-14,Product Sale,Sales,Income,52147.0
4886,2026-09-14,Office Supplies,Salaries,Expense,22869.0
4887,2026-09-14,Service Revenue,Sales,Income,24171.0
4888,2026-09-14,Employee Salary,Salaries,Expense,6400.0
4889,2026-09-14,Service Revenue,Sales,Income,63541.0
4890,2026-09-15,Software Subscription,Software,Expense,1089.0
4891,2026-09-15,Online Sale,Sales,Income,66344.0
4892,2026-09-15,Online Sale,Sales,Income,49308.0
4893,2026-09-15,Marketing Campaign,Salaries,Expense,18874.0
4894,2026-09-15,Online Sale,Sales,Income,26326.0
4895,2026-09-15,Product Sale,Sales,Income,9597.0
4896,2026-09-15,Service Revenue,Sales,Income,35788.0
4897,2026-09-15,Service Revenue,Sales,Income,70020.0
4898,2026-09-16,Service Revenue,Sales,Income,54477.0
4899,2026-09-16,Online Sale,Sales,Income,38071.0
4900,2026-09-16,Travel Expense,Salaries,Expense,1137.0
4901,2026-09-16,Customer Payment,Sales,Income,66923.0
4902,2026-09-16,Marketing Campaign,Marketing,Expense,16328.0
4903,2026-09-16,Customer Payment,Sales,Income,78251.0
4904,2026-09-16,Product Sale,Sales,Income,62492.0
4905,2026-09-16,Office Rent,Utilities,Expense,32702.0
4906,2026-09-17,Online Sale,Sales,Income,40399.0
4907,2026-09-17,Marketing Campaign,Marketing,Expense,26375.0
4908,2026-09-17,Service Revenue,Sales,Income,49415.0
4909,2026-09-17,Inventory Purchase,Travel,Expense,13735.0
4910,2026-09-17,Office Supplies,Marketing,Expense,22527.0
4911,2026-09-17,Travel Expense,Software,Expense,33427.0
4912,2026-09-17,Office Supplies,Utilities,Expense,27522.0
4913,2026-09-17,Office Supplies,Office,Expense,6438.0
4914,2026-09-18,Service Revenue,Sales,Income,24748.0
4915,2026-09-18,Service Revenue,Sales,Income,40109.0
4916,2026-09-18,Employee Salary,Marketing,Expense,10441.0
4917,2026-09-18,Customer Payment,Sales,Income,52498.0
4918,2026-09-18,Product Sale,Sales,Income,60808.0
4919,2026-09-18,Electricity Bill,Travel,Expense,3273.0
4920,2026-09-18,Customer Payment,Sales,Income,79420.0
4921,2026-09-18,Travel Expense,Salaries,Expense,21460.0
4922,2026-09-19,Inventory Purchase,Marketing,Expense,30768.0
4923,2026-09-19,Marketing Campaign,Marketing,Expense,20318.0
4924,2026-09-19,Travel Expense,Marketing,Expense,2365.0
4925,2026-09-19,Online Sale,Sales,Income,52020.0
4926,2026-09-19,Product Sale,Sales,Income,79266.0
4927,2026-09-19,Electricity Bill,Software,Expense,31011.0
4928,2026-09-19,Service Revenue,Sales,Income,32738.0
4929,2026-09-19,Office Supplies,Inventory,Expense,26901.0
4930,2026-09-20,Marketing Campaign,Inventory,Expense,29002.0
4931,2026-09-20,Customer Payment,Sales,Income,62153.0
4932,2026-09-20,Product Sale,Sales,Income,66009.0
4933,2026-09-20,Employee Salary,Travel,Expense,9762.0
4934,2026-09-20,Product Sale,Sales,Income,61271.0
4935,2026-09-20,Inventory Purchase,Software,Expense,27841.0
4936,2026-09-20,Service Revenue,Sales,Income,76942.0
4937,2026-09-20,Employee Salary,Software,Expense,30105.0
4938,2026-09-21,Office Rent,Marketing,Expense,6566.0
4939,2026-09-21,Employee Salary,Utilities,Expense,27223.0
4940,2026-09-21,Office Supplies,Utilities,Expense,4072.0
4941,2026-09-21,Service Revenue,Sales,Income,33783.0
4942,2026-09-21,Customer Payment,Sales,Income,41394.0
4943,2026-09-21,Software Subscription,Marketing,Expense,28901.0
4944,2026-09-21,Customer Payment,Sales,Income,33287.0
4945,2026-09-22,Software Subscription,Travel,Expense,2811.0
4946,2026-09-22,Employee Salary,Inventory,Expense,32511.0
4947,2026-09-22,Office Rent,Marketing,Expense,4142.0
4948,2026-09-22,Software Subscription,Office,Expense,6838.0
4949,2026-09-22,Inventory Purchase,Travel,Expense,10122.0
4950,2026-09-22,Marketing Campaign,Marketing,Expense,8306.0
4951,2026-09-22,Online Sale,Sales,Income,15204.0
4952,2026-09-22,Service Revenue,Sales,Income,62944.0
4953,2026-09-23,Product Sale,Sales,Income,47120.0
4954,2026-09-23,Office Supplies,Salaries,Expense,6720.0
4955,2026-09-23,Marketing Campaign,Utilities,Expense,26815.0
4956,2026-09-23,Employee Salary,Office,Expense,28293.0
4957,2026-09-23,Product Sale,Sales,Income,55304.0
4958,2026-09-23,Employee Salary,Utilities,Expense,23005.0
4959,2026-09-23,Product Sale,Sales,Income,63548.0
4960,2026-09-23,Office Rent,Office,Expense,9456.0
4961,2026-09-24,Software Subscription,Utilities,Expense,19609.0
4962,2026-09-24,Customer Payment,Sales,Income,71151.0
4963,2026-09-24,Online Sale,Sales,Income,78598.0
4964,2026-09-24,Office Rent,Inventory,Expense,32010.0
4965,2026-09-24,Marketing Campaign,Travel,Expense,28481.0
4966,2026-09-24,Customer Payment,Sales,Income,47548.0
4967,2026-09-24,Employee Salary,Inventory,Expense,9274.0
4968,2026-09-24,Office Rent,Salaries,Expense,21517.0
4969,2026-09-25,Employee Salary,Marketing,Expense,2321.0
4970,2026-09-25,Product Sale,Sales,Income,59933.0
4971,2026-09-25,Office Supplies,Software,Expense,10872.0
4972,2026-09-25,Office Supplies,Software,Expense,28902.0
4973,2026-09-25,Office Supplies,Software,Expense,6297.0
4974,2026-09-25,Software Subscription,Marketing,Expense,16783.0
4975,2026-09-25,Customer Payment,Sales,Income,44846.0
4976,2026-09-25,Online Sale,Sales,Income,37596.0
4977,2026-09-26,Product Sale,Sales,Income,11907.0
4978,2026-09-26,Customer Payment,Sales,Income,33114.0
4979,2026-09-26,Product Sale,Sales,Income,30009.0
4980,2026-09-26,Product Sale,Sales,Income,55241.0
4981,2026-09-26,Software Subscription,Software,Expense,32108.0
4982,2026-09-26,Customer Payment,Sales,Income,23996.0
4983,2026-09-26,Employee Salary,Office,Expense,17964.0
4984,2026-09-26,Software Subscription,Office,Expense,21748.0
4985,2026-09-27,Office Supplies,Salaries,Expense,19132.0
4986,2026-09-27,Online Sale,Sales,Income,29102.0
4987,2026-09-27,Inventory Purchase,Utilities,Expense,1825.0
4988,2026-09-27,Inventory Purchase,Marketing,Expense,11869.0
4989,2026-09-27,Marketing Campaign,Software,Expense,10840.0
4990,2026-09-27,Marketing Campaign,Utilities,Expense,13908.0
4991,2026-09-27,Electricity Bill,Software,Expense,19869.0
4992,2026-09-27,Office Supplies,Marketing,Expense,18960.0
4993,2026-09-28,Product Sale,Sales,Income,7994.0
4994,2026-09-28,Inventory Purchase,Salaries,Expense,31884.0
4995,2026-09-28,Service Revenue,Sales,Income,12377.0
4996,2026-09-28,Software Subscription,Office,Expense,33340.0
4997,2026-09-28,Online Sale,Sales,Income,5048.0
4998,2026-09-28,Online Sale,Sales,Income,41978.0
4999,2026-09-28,Employee Salary,Utilities,Expense,19680.0
5000,2026-09-29,Office Supplies,Travel,Expense,8217.0
